price,title
85.0,AHC第七代/第八代B5玻尿酸
279.0,【618狂欢】雅诗兰黛抗蓝光小棕瓶
49.9,【李佳琦推荐】欧诗漫(OSM)提拉睛致走珠凝露
269.0,欧莱雅欧莱雅水光充盈全脸淡纹眼霜（全脸眼霜30ml+7.5ml*2+7.5ml*2)
79.0,【2支装】韩国进口AHC第七代精华
49.0,Sulwhasoo雪花秀闪理
76.0,梵西【买1送1】梵西紧致抗皱眼霜淡化黑眼圈改善眼袋眼部
168.0,L'OREAL欧莱雅紫熨
61.0,雅诗兰黛小棕瓶抗蓝光眼霜5ml*3
88.0,zmc植美村【第二件0元】抖音推荐植美村牛油果眼霜电动按摩棒去淡化黑眼圈
138.0,丸美丸美巧克力丝滑眼乳霜25g眼部护理补水保湿紧致抗皱
35.0,whoo后水妍眼部精华
52.0,whoo后津率享
239.0,科颜氏牛油果保湿
169.0,雅诗兰黛【聚美24小时直发】雅诗兰黛新多效智妍眼霜5ml*3黄金特润眼霜
277.0,雅诗兰黛小棕瓶
65.0,AHC第八代眼霜
149.0,【正品保证】韩国直邮伊思红参蜗牛
68.0,爱神菲李佳琦推荐SNP补水保湿燕窝眼霜35ml宋继扬同款对抗初老修复干纹
49.0,AHC新款第七代眼霜
45.0,whoo后拱辰享平衡
149.0,L'OREAL欧莱雅全脸紧致淡细纹黑眼圈眼袋紫熨
269.0,欧莱雅水光充盈全脸淡纹眼霜（全脸眼霜30ml+7.5ml*2)
88.0,梵西【买1送1】梵西六胜肽抗皱眼霜淡化黑眼圈眼袋细纹
82.0,Coréana高丽雅娜
299.0,雅诗兰黛抗蓝光小棕瓶
288.0,【618提前购】雅诗兰黛抗蓝光
96.0,丸美丸美紧致眼袋眼凝胶25g紧致淡纹补水保湿修护
49.0,AHC新款第八代胶原蛋白玻尿酸保湿
48.0,L'OREAL欧莱雅紫熨斗全
68.0,雅诗兰黛弹力多肽
125.0,千叶百货法国•欧莱雅(L'Oreal)复颜抗皱紧致滋润眼霜15ml
249.0,海蓝之谜【现货秒发】海蓝之谜浓缩密集修护眼霜5ml
48.0,【618狂欢】AHC新款第七代/第八代
63.0,SK-II【专柜版小样】SK-II微肌因焕采眼霜大眼眼霜2.5克
45.0,A.H.C新款第七代眼霜
39.0,倩碧【聚美直发】倩碧焕妍活力紧致抗皱眼霜5ml淡细纹去黑眼圈
65.0,EsteeLauder雅诗兰黛弹力多肽
35.0,千叶百货法国•兰蔻(Lancome)新塑颜修护眼霜/新立体塑颜紧致眼霜5ml
88.0,whoo后天气丹
198.0,科颜氏牛油果保湿
62.0,娥佩兰娥佩兰滋润眼霜30g滋润淡化细纹眼袋
285.0,雅诗兰黛抗蓝光
69.0,AHC第五代升级版
45.0,欧莱雅(LOREAL)
259.0,雅诗兰黛EsteeLauder新版ANR特润修护精华
299.0,【官方授权】雅诗兰黛（EsteeLauder）特润修护新版抗蓝光精华
105.0,兰蔻【聚美直发】兰蔻(Lancome)新塑颜修护眼霜
199.0,丸美丸美弹力蛋白日夜眼精华10g×2淡纹抗皱保湿补水眼霜紧致提拉
169.0,信美护肤美妆【国内专柜秒发】日本•SK-II微肌因/肌源修护焕采眼霜2.5克*3
74.0,AHC第六代
500.0,兰蔻眼部肌底液20ml
165.0,雅诗兰黛美国•雅诗兰黛(EsteeLauder)新多效智妍眼霜5ml*3
188.0,LANCOME兰蔻小黑瓶发光
319.0,SHISEIDO日本资生堂百优
69.0,信美护肤美妆【国内专柜秒发】法国•娇兰(Guerlain)帝皇蜂姿丰盈修复眼霜5ml
69.0,【国内专柜秒发】法国•娇兰(Guerlain)帝皇蜂姿丰盈修复眼霜5ml
199.0,信美护肤美妆【国内专柜秒发】法国•娇兰(Guerlain)帝皇蜂姿丰盈修复眼霜三支装5ml*3
69.0,兰蔻（Lancome）精华肌底眼部凝霜小样5ML小黑瓶眼霜新老版本随机发
69.0,丸美丸美眼部舒悦精华霜25g赠超值礼包
260.0,欧莱雅【全新升级】【视黄醇pro】欧莱雅复颜视黄醇精粹抗皱眼霜15ml
79.9,御泥坊御泥坊晶亮红石榴眼霜提拉紧致淡化细纹
69.0,AHC第八代补水细纹紧致抗皱
49.9,信美护肤美妆【国内专柜秒发】美国•雅诗兰黛(EsteeLauder)新多效智妍眼霜5ml
88.0,L'OREAL欧莱雅紫熨斗全
135.0,韩国兰芝水酷明眸啫喱
279.0,雅诗兰黛小棕瓶抗蓝光
48.0,JMsolution青光海洋珍珠/蜂蜜
59.0,相宜本草相宜本草滋养紧致眼霜20g眼部护理补水保湿紧致提拉
48.0,AHC第七代
199.0,兰蔻全新精华肌底眼霜5ml*3小黑瓶【发光眼霜】
75.0,伊思【临期商品效期至2021.3】it'sskin伊思胶原蛋白眼霜淡化细纹眼袋紧
305.0,千叶百货法国•兰蔻(Lancome)肌底精华眼霜15ml
229.0,【商场专柜直邮】梦妆（mamonde）山茶凝时修护菁华
24.9,zmc植美村植美村蜡菊多效修护日夜眼霜20ml*2减轻细纹消除眼袋
189.0,kiehls科颜氏牛油果眼霜14g/28g润肤抗皱补水
29.0,AHC七代
18.9,【买一送一】兰可欣眼霜滚珠淡化黑眼圈细纹眼袋按摩
51.0,AHC
55.0,信美护肤美妆【专柜正品秒发】法国•兰蔻(Lancome)全新精华肌底眼霜/肌底精华眼霜5ml
339.0,雅诗兰黛小棕瓶方形
59.0,ATREUS泰国24K黄金
88.0,雅诗兰黛小棕瓶抗蓝光
99.0,AHC
88.0,【官方授权】AHC新款第八代
149.0,信美护肤美妆【国内专柜秒发】美国•雅诗兰黛(EsteeLauder)新多效智妍眼霜5ml*3
155.0,美国•雅诗兰黛(EsteeLauder)新多效智妍眼霜5ml*3
298.0,娇韵诗焕颜弹力眼霜/全明星抗压眼霜15ml
65.0,爱神菲SNP海洋燕窝眼霜35ml/支补水保湿改善黑眼圈
88.0,玫琳凯玫琳凯柔润精华眼霜18g淡化细纹精华修护
49.0,A.H.C新款第8代眼霜
98.0,植物医生滇青瓜水漾舒润眼霜15g
379.6,FACEFACE【商场专柜直邮】法国•兰蔻(Lancome)肌底精华眼霜15ml
46.0,形象美形象美黄金蜗牛眼霜淡化黑眼圈脂肪粒眼袋细纹
39.0,信美护肤美妆【国内专柜秒发】法国•兰蔻(Lancome)新塑颜修护眼霜/新立体塑颜紧致眼霜5ml
85.0,信美护肤美妆【国内专柜秒发】美国•雅诗兰黛(EsteeLauder)特润修护精华眼霜5ml小棕瓶眼霜
38.8,飘丫肌底多效修护精华眼霜淡化细纹紧致肌肤补水保湿眼霜
328.0,
267.0,法国兰蔻精华肌底眼15ml
355.0,兰蔻（LANCOME）新立体塑颜紧致眼霜
393.0,精灵眼霜
53.0,AHC
279.0,EsteeLauder雅诗兰黛小棕瓶
289.0,EsteeLauder雅诗兰黛小棕瓶
53.9,EsteeLauder/雅诗兰黛新多效智妍
79.0,雅诗兰黛特润精华小棕瓶抗蓝光
145.0,信美护肤美妆【国内专柜秒发】兰蔻菁纯臻颜焕亮眼霜
155.0,（新包装）伊思红参蜗牛滚珠
279.0,LANCOME兰蔻小黑瓶
850.0,SK-II大红瓶面霜清爽80g
148.0,【48小时内聚美直发】法国•兰蔻(Lancome)菁纯臻颜焕亮眼霜5ml
345.0,【618狂欢】兰蔻大眼小黑瓶
688.0,雅诗兰黛修护眼部精华15ml*2
289.0,雅诗兰黛抗蓝光小棕瓶
219.0,海蓝之谜【现货秒发】海蓝之谜鎏金焕颜精华眼霜3ml
49.9,倩碧【聚美直发】倩碧水凝护理眼霜7ml水磁场眼霜眼部补水
198.0,薇诺娜薇诺娜焕亮淡纹修护眼霜15g改善黑眼圈紧致提拉
679.0,Lancome兰蔻新菁纯臻颜润养
145.0,雅诗兰黛白金级花菁萃紧颜焕活
169.0,雅诗兰黛【顺丰直发】人气商品雅诗兰黛新多效智妍眼霜5ml*3黄金特润眼霜
48.0,whoo后天气丹
299.0,丸美丸美浓缩玻尿酸五维充盈全脸淡纹眼霜35g提拉紧致
52.0,韩国•AHC新款
55.0,雅诗兰黛【现货秒发】雅诗兰黛新多效智妍眼霜5ml
89.0,佰魅伊人买1送1】佰魅伊人电动按摩眼霜去黑眼圈眼袋眼纹
339.0,怡丽丝尔优悦活颜
199.0,【官方授权】雅诗兰黛EsteeLauder抗蓝光
118.0,伊思晶钻红参蜗牛
278.0,雅诗兰黛小棕瓶抗蓝光
199.0,【48小时内聚美直发】雅诗兰黛弹力多肽眼霜5ml
469.0,SK-IIsk2大眼
139.0,丸美丸美特惠紧致眼部护理套装紧致眼袋淡黑眼圈淡纹持久保湿精华
48.0,【2支85元】AHC新款第七代/第八代修护抗皱
59.0,【正品保证】香港直邮AHC第七代补水细纹紧致抗皱
59.0,雅诗兰黛【聚美24小时直发】雅诗兰黛新多效智妍眼霜5ml黄金眼霜
62.0,sk2【大红瓶眼霜】聚美直发SK-II微肌因肌源修护焕采眼霜2.5g
998.0,LAMER海蓝之谜浓缩密集修护眼霜
429.0,SK-II微肌因修护焕采
489.0,资生堂悦薇紧致精华
65.0,兰蔻新精华肌底
479.0,资生堂悦薇珀翡塑颜颜
340.0,欧莱雅欧莱雅复颜玻尿酸水光充盈全脸淡纹紫熨斗眼霜30ML
423.0,【专柜正品】雅诗兰黛小棕瓶抗蓝光眼霜ANR眼部精华霜15ml
347.0,苏秘呼吸“魔法”眼霜
299.0,美国雅诗兰黛EsteeLauder抗蓝光小棕瓶
125.0,欧莱雅法国•欧莱雅(L'Oreal)复颜抗皱紧致滋润眼霜15ml
145.0,科颜氏酪梨眼霜(牛油果眼霜)14g
47.5,AHC新款第七代
59.0,天气丹华泫
89.0,Lancome兰蔻金纯卓颜
229.0,法国欧莱雅紫熨斗
279.0,雅诗兰黛【现货秒发】雅诗兰黛特润修护精华眼霜小棕瓶眼霜5ml*3
59.9,【顺丰直发】兰蔻（LANCOME）小黑眼肌底精华眼霜5ml
1099.0,海蓝之迷浓缩精华
116.0,伊丽莎白雅顿伊丽莎白雅顿银级眼霜15ML滋润眼周淡化细纹黑眼圈
89.9,御泥坊御泥坊视黄醇紧致抗皱抚纹眼霜18ml淡纹小熨斗
183.0,欧莱雅欧莱雅紫熨斗全脸淡纹眼霜30ML
48.0,whoo后中小样天气丹天率丹小样津率享拱辰享水妍秘贴小样
198.0,自然堂自然堂雪润晶澈眼霜20g眼霜自然堂
395.0,雅诗兰黛雅诗兰黛(EsteeLauder)特润修护精华眼霜
259.0,LANCOME兰蔻小黑瓶眼霜15ml发光肌底精华眼霜
148.0,伊思晶钻红参蜗牛
179.0,玉兰油玉兰油OLAY金纯弹力眼霜15ml紧致淡化细纹
309.0,雅诗兰黛小棕瓶抗蓝光
499.0,兰蔻提拉修护眼霜
139.0,海蓝之谜【现货秒发】海蓝之谜浓缩密集修护眼霜(浓缩修护眼部精华霜）3ml
49.0,ATREUS泰国山竹
305.0,雅诗兰黛小棕瓶抗蓝光
88.0,珀莱雅珀莱雅恒采修护保湿眼霜18g淡化细纹
106.0,丸美丸美紧致经典护肤套装眼部精华补水保湿紧致修护淡纹
249.0,菲洛嘉Filorga靓丽眼霜15ml
202.0,欧莱雅复颜抗皱眼霜女紧致补水抗衰老淡化细纹黑眼圈
165.0,信美护肤美妆【国内专柜秒发】法国•兰蔻(Lancome)全新精华肌底眼霜/肌底精华眼霜5ml*3
59.0,欧诗漫欧诗漫(OSM)珍珠奇迹抚痕紧致眼霜15ml呵护眼周肌肤。
385.0,资生堂日本•资生堂盼丽风姿智感抚痕眼霜
297.0,法国•兰蔻(Lancome)肌底精华
136.8,斯科肤法国•欧莱雅(L'Oreal)复颜抗皱紧致滋润眼霜15ml
115.0,雅芳雅芳新活弹力眼霜20g补水滋润提拉紧致淡细纹眼袋
189.0,雅诗兰黛小棕瓶抗蓝光
218.0,丸美丸美巧克力丝滑眼部护理套装眼凝胶淡纹眼乳霜眼精华
200.0,丸美丸美紧致多元护肤套装眼部精华补水保湿修护紧致淡纹
99.0,雅诗兰黛小棕瓶精华
165.0,雅诗兰黛【现货秒发】雅诗兰黛新多效智妍眼霜5ml*3
62.0,SK-II【聚美直发】SK-II微肌因修护精华焕彩眼霜
389.0,怡丽丝尔眼唇抚纹抗皱精华眼霜
88.0,高丽雅娜高丽雅娜coreana斯谛魅弹力营养肉毒精华眼霜30ml赠水滴按摩棒
37.9,兰蔻【塑颜眼霜】聚美直发兰蔻新塑颜修护/新立体塑颜紧致眼霜5ml
128.0,后Whoo天气丹花献光彩紧致眼霜中样*2，缔造桃花光彩美肌
258.0,丸美丸美巧克力青春丝滑眼部眼乳霜面膜控油抗皱收缩毛孔
488.0,资生堂悦薇紧致精华
169.0,丸美丸美紧致淡纹眼部护理套装修护精华霜眼凝胶洁面水乳
123.0,AHC黄金玻尿酸保湿
589.0,雅诗兰黛小棕瓶眼霜15ml*2
29.0,whoo后津率享
148.0,科颜氏（Kiehl's）牛油
204.0,千叶百货欧莱雅复颜玻尿酸水光充盈全脸淡纹眼霜
199.0,CEMOYCEMOY精华4D反重力（飞碟）眼霜20ml
22.0,兰蔻新立体塑颜紧致眼霜3ml提拉紧致淡化细纹
138.0,玉兰油美国•OLAY（玉兰油）新生塑颜舒纹眼霜15g
85.0,娇韵诗明眸紧致精华露/
59.0,梵西梵西视黄醇弹润眼啫喱去淡化黑眼圈细纹眼袋脂肪粒眼霜提拉紧致
240.0,千叶百货欧莱雅金致臻颜花蜜奢养滋润眼霜15g
240.0,欧莱雅金致臻颜花蜜奢养滋润眼霜15g
138.0,珀莱雅珀莱雅紧致肌密焦点眼霜改善眼周细纹干纹
318.0,【618狂欢立减30元】Lancome/兰蔻小黑瓶滋润发光
52.0,AHC第七代
205.0,科颜氏牛油果保湿眼霜14g/28g
169.0,雅诗兰黛美国•雅诗兰黛(EsteeLauder)新多效智妍眼霜5ml*3
189.0,伊思红参眼霜EX
69.0,信美护肤美妆【国内专柜秒发】美国•雅诗兰黛(EsteeLauder)弹性紧实眼霜/弹性紧实柔肤眼霜/弹力多肽眼霜5ml
88.0,法国欧莱雅L'OREAL紫熨斗全
488.0,SK-II微肌因修护焕采
328.0,薇诺娜中国•薇诺娜紧致眼霜20g再现睛彩
45.0,AHC七代焕颜精华
85.0,THEBODYSHOP/美体小铺接骨木花眼胶15ML
155.0,千叶百货OLAY（玉兰油）新生塑颜金纯弹力眼霜15ml
59.0,明色胎盘素白皙
75.0,兰蔻全新精华肌底
188.0,【正品保证】韩国直邮欧莱雅玻尿酸紫熨斗
25.0,博姿小黄瓜保湿眼胶15ml
49.0,法国欧莱雅紫熨斗全脸
57.9,雅诗兰黛【多效眼霜】24小时内聚美直发美国•雅诗兰黛新多效智妍眼霜5ml
45.0,AHC新款第八代
173.0,千叶百货法国•兰蔻(Lancome)全新精华肌底眼霜/肌底精华眼霜小黑瓶5ml*3
173.0,法国•兰蔻(Lancome)全新精华肌底眼霜/肌底精华眼霜小黑瓶5ml*3
39.0,菲洛嘉360靓丽
66.0,雅诗兰黛新多效智妍
999.0,【618狂欢】LAMER海蓝之谜浓缩精华修护
119.0,伊思it'sskin伊思晶钻蜗牛眼霜淡化黑眼圈眼袋30ml
309.0,法国菲洛嘉逆时光
285.0,【618限时特卖】雅诗兰黛新版小棕瓶抗蓝光
205.0,法国欧莱雅L'OREAL紫熨斗眼霜保湿抗皱30ml
199.0,Spa蛇毒保湿紧致抗皱眼膜红盒60枚
199.0,兰蔻【聚美直发】兰蔻全新精华肌底眼霜5ml*3小黑瓶眼霜
115.0,自然堂自然堂雪域精粹纯粹滋润眼霜15g+随机冰肌水60ml
369.0,雅诗兰黛
98.0,AHC第七代
415.0,千叶百货日本•资生堂(Shiseido)百优丰盈提拉紧致眼霜15ml
50.0,AHC第八代
173.0,斯科肤法国•兰蔻(Lancome)全新精华肌底眼霜/肌底精华眼霜5ml*3
385.0,千叶百货日本·资生堂盼丽风姿智感抚痕眼霜抗皱小雷达年轻修护抗皱15ml
385.0,日本·资生堂盼丽风姿智感抚痕眼霜抗皱小雷达年轻修护抗皱15ml
242.9,欧莱雅欧莱雅金致臻颜花蜜奢养滋润眼霜
368.0,玫琳凯美国•玫琳凯幻时佳紧颜眼霜15ml
82.0,雅诗兰黛EsteeLauder雅诗兰黛小棕瓶密集修护眼精华ANR眼霜
397.0,资生堂盼丽风姿抗皱修护
48.0,花月情草本类蛇毒眼霜30g抗皱保湿祛黑眼圈眼袋脂肪粒
355.0,资生堂Shiseido资生堂眼霜盼丽风姿智感抚痕眼霜/小雷达15ml提拉紧致
189.0,丸美丸美多肽蛋白法令纹护肤套装精华洁面水乳紧致抗皱
69.0,兰蔻【专柜直供极速发货】兰蔻肌底精华眼霜小黑瓶发光眼膜霜
89.0,AHC第八代
339.0,SHISEIDO资生堂百优
219.0,芙丽芳丝日本•芙丽芳丝（freeplus）滋肤紧致夜用
59.0,欧诗漫欧诗漫OSM珍珠焕采明亮多效眼霜20g清晰眼廓放大双眸
329.0,Lancome兰蔻「新款小黑瓶」肌底精华
79.0,梵西【第2件半价】梵西鲟鱼籽眼霜抗皱去黑眼圈去眼袋
299.0,兰蔻小黑瓶全新精华眼霜15ml
287.0,雅诗兰黛新款抗蓝光精华
135.0,【正品保证】韩国直邮兰芝水酷凝肌啫喱
139.0,信美护肤美妆[国内专柜秒发]海蓝之谜紧致焕采眼霜3ml管装去眼袋浮肿黑眼圈
139.0,[国内专柜秒发]海蓝之谜紧致焕采眼霜3ml管装去眼袋浮肿黑眼圈
139.0,兰蔻菁纯臻颜焕亮眼霜5ml淡化干纹细纹提拉紧致滋润眼周肌肤
535.0,资生堂悦薇抗皱精华
99.0,相宜本草相宜本草牡丹亮采眼霜20g保湿滋润淡化细纹改善眼周
448.0,赫莲娜HR绿宝瓶眼部精华hr眼霜
299.0,Lancome兰蔻小黑瓶精华
299.0,菲洛嘉焕龄时光眼霜15ml
539.0,Chanel香奈儿智慧紧肤提拉眼霜15ML
279.0,信美护肤美妆【国内专柜秒发】美国•雅诗兰黛(EsteeLauder)特润修护精华眼霜5ml*3
79.0,自然之名自然之名玻尿酸保湿眼霜化细纹黑眼圈
499.0,雅诗兰黛弹力多肽眼霜
499.0,HR赫莲娜绿宝瓶亮采精灵眼部精华乳15ml
58.0,特价（买一送一）葆玛之谜复活草抗皱保湿眼霜30g去黑眼圈眼袋
228.0,丸美丸美巧克力丝滑修护眼部护理套装眼乳霜眼膜淡纹紧致易吸收保湿
979.0,海蓝之谜（LaMer）
69.0,梵贞【买1送1】梵贞水嫩弹润修护眼霜去黑眼圈眼袋提拉紧致眼周保湿霜
89.0,如薇韩国RNW如薇纯然匀透眼霜25ml淡化黑眼圈细纹眼袋紧实补水保湿学生
115.0,自然堂自然堂雪域精粹纯粹滋润眼霜15g水润眼周重拾美眸
36.18,蓝尼芳可蓝尼芳可︱电动按摩眼霜淡化提亮肤色眼霜棒眼部导入精华液按摩仪
419.0,EsteeLauder雅诗兰黛弹力多肽眼霜15ML2019新品
65.0,【618狂欢2支减10元】明色亮白改善细纹黑眼圈
233.9,千叶百货美国•科颜氏(Kiehl’s)牛油果（保湿）眼霜14g
988.0,莱珀妮鱼子精华眼霜
705.0,兰蔻（LANCOME）菁纯
315.0,雅诗兰黛
405.0,雅诗兰黛【现货秒发】雅诗兰黛特润修护精华眼霜15ml小棕瓶
149.0,温碧泉中国•温碧泉(WETHERM)多元亮采修护眼霜15ml
382.9,FACEFACE雅诗兰黛(EsteeLauder)特润修护精华眼霜15ml
59.9,斯科肤美国•雅诗兰黛(EsteeLauder)肌透修护眼部精华霜3ml
219.0,澳洲CEMOY眼霜淡纹匿纹眼纹熨斗提拉紧致补水保湿
880.0,POLA/宝丽碧艾B.A重塑紧致眼霜26g保湿滋润紧致
327.0,雅诗兰黛小棕瓶抗蓝光
325.0,资生堂百优丰盈提拉紧致眼霜
339.0,雅诗兰黛小棕瓶
59.0,纽西之谜纽西之谜眼霜弹力拉丝紧致提拉紧实肌肤补水保湿胶原蛋白弹力眼霜
90.0,千叶百货玉兰油多效修护眼霜15g
335.0,美国雅诗兰黛特润修护精华抗蓝光小棕瓶
189.0,科颜氏牛油果保湿
109.0,伊思【24小时内发货】itsskin伊思晶钻红参蜗牛滚珠眼霜
35.8,斯科肤法国•兰蔻(Lancome)新塑颜修护眼霜/新立体塑颜紧致眼霜5ml
179.0,千叶百货梦妆（mamonde）山茶凝时修护菁华眼霜25ml
709.0,Lancome法国兰蔻新菁纯臻颜滋润眼霜20ml
309.0,Kiehl's科颜氏抗皱无痕弹力眼霜14G
698.0,法国•兰蔻(Lancome)菁纯臻颜焕亮眼霜20ml
178.0,佰草集新玉润保湿眼部啫喱20g（焕新版）（眼霜保湿）
69.0,韩束韩束耀鲜养红石榴鲜活水盈眼霜15g淡化细纹黑眼圈
2899.0,LaPrairie莱珀妮鱼子精华纯皙紧致眼霜20ML2020新版
49.0,香奈儿【国内专柜中小样】CHANEL香奈儿小样全系列洁面/乳霜/精华/眼霜
199.0,阿芙阿芙焕白亮采眼霜含烟酰胺紧致淡化眼袋黑眼圈脂肪粒细纹保湿锁水
139.0,海蓝之谜（LAMER）浓缩密集修护眼霜5ml/3ml
99.0,美肤宝驻颜紧致弹力眼霜20ml（紧致提拉）
139.0,相宜本草相宜本草四倍蚕丝凝亮眼霜15g眼部护理紧致眼周淡细纹
65.0,欧莱雅欧莱雅复颜玻尿酸水光充盈全脸淡纹眼霜7.5ml*2支体验装中小样
195.0,Kiehl's科颜氏牛油
108.0,欧莱雅欧莱雅清润葡萄籽水嫩膜力眼霜
2599.0,LaPrairie莱珀妮鱼子精华眼部紧颜液20ML
99.0,雅诗兰黛雅诗兰黛鲜活焕采眼部凝露5ml*2提拉紧致淡化黑眼圈去眼袋密集补水
2620.0,LaPrairie莱珀妮鱼子
288.0,欧莱雅玻尿酸眼霜紫熨斗眼霜女30ml全脸用抗皱淡化细纹黑眼圈
2649.0,海蓝之谜【现货秒发】海蓝之谜鎏金焕颜精华眼霜15ml
45.0,娇兰【国内专柜小样】GURELAIN娇兰御廷兰花卓能焕活眼唇修护霜2ml
2569.0,Guerlain娇兰御廷兰花臻兰眼唇霜眼霜20ML「黑金瓷罐版」2020新品
2529.0,LAPRAIRIE/莱珀妮鱼子精华
119.0,相宜本草相宜本草百合高保湿修护眼霜15g滋润眼周提亮眼部肤色
155.0,玫琳凯美国•玫琳凯（Marykay）亮采精华眼霜15ml
2299.0,LaMer海蓝之谜鎏金焕颜精华
2399.0,日本资生堂CPB肌肤之钥金致眼霜
2349.0,LaPrairie蓓丽琼贵眼霜20ml
429.0,Elixir怡丽丝尔眼霜
565.0,娇兰帝皇蜂姿丰盈修复眼霜15ml
68.0,日本直邮明色胎盘素亮白抗皱改善细纹黑眼圈紧致眼霜30g
189.0,
245.0,科颜氏【聚美直发】科颜氏牛油果（保湿）眼霜
541.5,克里斯汀迪奥未来新肌精华眼霜
69.0,米澳拉韩国MIORIO米澳拉去脂肪粒眼霜30ml小白管淡化细文黑眼圈亢皱补水
119.0,欧莱雅抗皱眼霜
299.0,兰蔻肌底精华
37.0,兰蔻【顺丰直发】法国•兰蔻(Lancome)新塑颜修护眼霜
2188.0,LaPrairie莱珀妮蓝鱼子精华
2496.0,莱珀妮鱼子精华琼贵紧致眼霜
119.0,Laneige兰芝新水酷特润明眸啫喱
25.9,雪花秀【青春眼霜】48小时内聚美直发雪花秀滋盈肌本青春眼霜3.5ml
2039.0,LaPrairie莱珀妮鱼子精华琼贵紧致眼霜20ML「2019新版」
230.0,菲洛嘉靓丽
229.0,Filorga菲洛嘉雕塑360靓丽
499.0,SK-II微肌因修护焕采
95.0,【两支装】AHC新款第八代胶原蛋白玻尿酸保湿
495.0,千叶百货韩国•雪花秀闪理/滋盈肌本青春眼霜25ml
1899.0,Valmont法尔曼冰凝金裝眼霜15ML
479.0,馥蕾诗【聚美直发】馥蕾诗红茶紧致修护眼部精华霜15ml
488.0,EsteeLauder雅诗兰黛特润修护精华
126.0,芙丽芳丝日本•芙丽芳丝滋肤紧致夜用保湿眼
1757.5,香奈儿奢华精萃眼霜
402.0,雪花秀闪理补水保湿抗皱
425.0,千叶百货法国•兰蔻(Lancome)新塑颜修护眼霜15ml
1659.0,EsteeLauder雅诗兰黛白金级蕴能黑钻奢华眼霜15ML
298.0,雅诗兰黛小棕瓶
1649.0,资生堂CPB肌肤之钥3D立体眼霜
418.0,SK-IISKIISK2眼霜大红瓶眼部精华焕采眼霜
55.0,千叶百货法国•兰蔻(Lancome)全新精华肌底眼霜/肌底精华眼霜小黑瓶眼霜5ml
55.0,法国•兰蔻(Lancome)全新精华肌底眼霜/肌底精华眼霜小黑瓶眼霜5ml
398.0,资生堂怡丽丝尔
185.0,KIEHL'S/科颜氏牛油
398.0,赫莲娜绿宝瓶悦活
391.0,兰蔻小黑瓶发光
395.0,香港直邮雅诗兰黛小棕瓶抗蓝光精华
1450.0,【专柜正品】LAMER海蓝之谜焕采
385.0,雅诗兰黛雅诗兰黛(EsteeLauder)特润修护精华眼霜15ml
385.0,Lancome兰蔻新立体塑颜紧致眼
499.0,Shiseido资生堂盼丽风姿抗皱24无痕眼霜15ML
1398.0,海蓝之迷精华
49.0,whoo后天气丹眼霜小样华泫保湿紧致
359.0,美国EsteeLauder雅诗兰黛
345.0,兰蔻小黑瓶全新精华
1299.0,海蓝之谜LAMER紧致焕采
1328.0,【专柜正品】海蓝之谜LAMER浓缩修护眼部精华
1308.0,海蓝之谜LAMER海蓝之谜浓缩修护眼霜15ml眼霜
164.0,韩国伊思红参蜗牛
349.0,【顺丰直发】法国•兰蔻(Lancome)肌底精华眼霜15ml
1217.0,LAMER/海蓝之谜紧致焕采
179.9,花印日本•花印水漾润透补水滋养眼霜30g
1299.0,宝丽(POLA)赋颜晨光眼霜18g
345.0,L'OREAL欧莱雅紫熨斗滋润眼霜30ml*2支
1259.0,Valmont法尔曼塑颜抗皱修护眼霜15ML
37.9,兰蔻【聚美直发】兰蔻(Lancome)新塑颜修护眼霜
1179.0,LaMer海蓝之谜浓缩修护精华
1215.0,POLA宝丽黑B.A赋颜晨光
480.0,娇韵诗焕颜紧致眼霜15ml
158.0,伊思红参蜗牛
320.0,兰蔻（LANCOME）肌底精华
1139.0,LaMer海蓝之谜紧致焕采
95.0,斯谛魅高丽雅娜安瓶精华眼霜面霜颈霜送眼部按摩棒2合1
328.0,娇韵诗焕颜弹力
64.0,后专柜正品后(Thehistoryofwhoo)天气丹花献光彩紧颜眼霜旅行装5ml
1269.0,日本直邮POLA/宝丽B.AEYEZONECREAM
1188.0,LAMER海蓝之谜绿眼霜浓缩修护抗皱
299.0,兰蔻小黑瓶肌底精华
1176.0,海蓝之谜紧致紧致焕采眼霜15ml
1135.0,美国海蓝之谜（LAMER）紧致焕采
59.0,斯科肤美国•雅诗兰黛(EsteeLauder)新多效智妍眼霜5ml
29.0,（买2送1）葆玛之谜抗皱紧致走珠眼霜15ml补水保湿去黑眼圈去皱
1159.0,Chanel香奈儿奢华精萃眼霜15G
139.0,AHC修护细纹金熨斗大长金全脸
1080.0,LAMER/海蓝之谜紧致焕采
1138.0,LAMER海蓝之谜浓缩修护眼霜15ml
299.0,兰蔻小黑瓶发光
309.0,黛珂小紫瓶
305.0,KIEHL'S/科颜氏抗
1150.0,海蓝之谜缩精华修护
999.0,雅诗兰黛小棕瓶
1089.0,宝丽(POLA)赋颜晨光/B.A重塑紧致眼霜
298.0,兰蔻（Lancome）小黑瓶肌底精华
260.0,美国•科颜氏(Kiehl’s)牛油果（保湿）眼霜
1029.0,LaPrairie莱珀妮亮颜修护
1235.0,海蓝之谜紧致焕采眼霜15ml
1120.0,海蓝之谜浓缩修护眼部精华霜
1069.0,LAMER美国海蓝之谜紧致焕采
139.0,日本FANCL芳珂活肤紧致眼霜8g
962.0,POLA宝丽B.A重塑紧致眼霜
1078.0,LAMER海蓝之谜浓缩修护眼部精华霜15毫升
149.0,Lancome兰蔻新菁纯臻颜滋润眼霜/小样眼部精华
999.0,日本POLA宝丽B.A赋颜晨光
259.0,兰芝韩国•兰芝(LANEIGE)致美紧颜修护眼霜20ml
55.0,法国欧莱雅L'OREAL紫熨斗眼霜保湿抗皱中小样7.5ML/正装30ml多规格
960.0,雅诗兰黛小棕瓶精华+抗蓝光眼霜
1029.0,御廷兰花卓能焕活眼唇霜15ml
929.0,Sisley希思黎抗皱修活御致眼唇霜15ML
875.0,POLA宝丽抗皱精华液
1269.0,莱珀妮鱼子酱眼部啫喱15ml
1066.0,海蓝之谜浓缩修护
258.0,倩碧眼部护理滋养霜15ml
815.0,资生堂资生堂明眸眼部护理组合（盼丽风姿抗皱修护眼霜15ml+悦薇珀翡塑颜抗皱眼膜2*12片）
199.0,科颜氏牛油果保湿
795.0,LANCOME兰蔻新菁纯臻颜润养
99.0,AHC新款第七代眼霜两支装
229.0,玉兰油玉兰油Olaypro-x肌源活颜眼霜15ml人气紧致眼霜
838.0,LANCÔME兰蔻新菁纯臻颜滋润眼霜20ml
338.0,丸美丸美白色之恋纯白淡黑眼霜眼部护肤套装洁面水乳
115.0,千叶百货法国•兰蔻(Lancome)全新精华肌底眼霜/肌底精华眼霜小黑瓶5ml*2
115.0,法国•兰蔻(Lancome)全新精华肌底眼霜/肌底精华眼霜小黑瓶5ml*2
119.0,马丁马丁古龙香氛迷迭香眼霜男士专用去眼袋抗皱去细纹
228.0,美国科颜氏牛油果保湿28g
35.9,【买1送1】兰可欣精华紧致眼霜淡化黑眼圈淡化细纹
774.2,斯科肤美国•雅诗兰黛(EsteeLauder)白金级花菁萃紧颜焕活眼霜15ml
228.0,法国菲洛嘉（Filorga）雕塑360靓丽
777.6,斯科肤法国•兰蔻(Lancome)菁纯臻颜润养眼霜/菁纯臻颜滋润眼霜20ml
735.0,雅诗兰黛专柜正品雅诗兰黛(EsteeLauder)白金级花菁萃紧颜焕活眼霜15ml
229.0,秀韩雅秀雅韩本滋养眼霜30ml紧致眼周淡化细纹
85.0,HR赫莲娜至美琉光恒采眼霜3ml小样
759.0,雅诗兰黛美国•雅诗兰黛(EsteeLauder)白金级花菁萃紧颜焕活眼霜15ml
109.0,芙丽芳丝日本•芙丽芳丝（freeplus）滋肤紧致眼棒
180.0,韩束韩束红胶囊高保湿玻尿酸弹润眼霜20g
178.0,兰芝（LANEIGE）新水酷
708.0,LANCOME/兰蔻精华肌底眼部凝霜
726.0,修丽可/杜克AGE紧致塑颜
209.0,CEMOYCemoy安瓶4D反重力「飞碟眼霜」唤醒年轻20ml
169.0,相宜本草相宜本草莲花生水保湿眼霜15g滢亮水润紧致补水保湿改善干纹细纹
705.2,修丽可紧致塑颜眼霜减少皱纹鱼尾纹改善黑眼圈
317.0,丸美丸美白色之恋淡黑眼霜护肤套装眼部卸妆洁面水乳面膜
599.0,SK-II微肌因修护焕采大眼眼霜15g
633.6,娇韵诗法国•娇韵诗(Clarins)花样年华眼周修护/精华霜15ml
98.0,【美妆博主热荐】韩国coreana高丽雅娜肉毒眼霜30ml+按摩棒
649.0,SK-II微肌因修护焕采眼霜15G
649.0,韩国直邮雪花秀抗皱
59.9,大宝眼霜20g滋润紧致眼周肌补水保湿眼部护理眼霜女
555.0,资生堂悦薇珀翡
189.0,欧莱雅紫熨斗全脸
616.2,斯科肤法国•克丽丝汀迪奥(DIOR)修护眼霜15ml
619.0,Sisley希思黎保湿眼唇凝露30ML
565.0,SK-II微肌因修护焕采
199.0,百雀羚百雀羚眼霜抗皱去细纹淡化黑眼圈紧致补水保湿学生
599.0,赫莲娜绿宝瓶眼部精华乳15ml
599.0,Dior迪奥肌活蕴能紧致焕妍眼霜15ML
499.0,资生堂悦薇珀翡
598.0,Shiseido资生堂眼霜悦薇珀翡塑颜眼霜/小熨斗/眼精华/小针管15ml
539.0,Shiseido资生堂悦薇珀翡眼霜15ml
559.0,资生堂悦薇抗皱精华
585.0,资生堂（Shiseido）百优眼霜
585.0,千叶百货资生堂悦薇抗皱霜
577.2,斯科肤资生堂悦薇抗皱霜
545.0,资生堂资生堂悦薇抗皱霜
88.0,植物医生植物医生芦荟原液高补水眼霜滚珠按摩
569.0,Guerlain娇兰帝皇蜂姿丰盈修护
178.0,欧莱雅紫熨斗眼霜
169.0,LaRochePosay理肤泉特安舒缓保湿眼霜20ML
68.0,梵贞梵贞24K黄金保湿修复眼霜去黑眼圈眼袋紧致眼部护理女士补水眼霜
589.0,【国内专柜版现货】娇兰帝皇蜂姿丰盈修复眼霜15毫升
518.0,【日本本土】资生堂日本怡丽丝尔Elixir优悦活颜
539.0,资生堂眼部小熨斗精华
489.0,HR/赫莲娜绿宝瓶亮采精灵眼部精华乳15ml
538.0,SK-II微肌因修护焕采眼霜(SK2大眼眼霜)15g
520.0,资生堂资生堂提拉紧致眼霜红腰子精华组合（百优丰盈提拉紧致眼霜15ml+红妍肌活精华露10ml）
520.0,资生堂悦薇
498.0,SK-II微肌因修护焕采
2155.0,LaPrairie莱珀妮鱼子精华琼贵眼霜20ML
159.0,AHC红韵焕颜洛神花润眼霜
499.0,修丽可/杜克紧致丰润眼霜14g
499.0,SK-II日本•SK-II微肌因修护焕采眼霜15克
479.0,SK-II【国内装柜版现货包邮】SK-II微肌因修护焕采眼霜15克
375.0,ELIXIR怡丽丝尔优悦活颜抗皱
498.0,雪花秀闪理保湿抗皱
495.0,【正品保证】日本直邮elixir怡丽丝尔
499.0,Esteelauder雅诗兰黛多效智妍蕴养眼霜15ML
485.0,【专柜正品】SKII大眼
470.0,SK-II微肌因修护焕采
149.0,EsteeLauder雅诗兰黛白金级花菁萃紧颜焕活眼霜
478.0,日本•SK-II微肌因修护焕采眼霜15克
435.0,资生堂日本•资生堂(Shiseido)百优丰盈提拉紧致眼霜15ml
459.0,Clarins娇韵诗花样年华精华
469.0,馥蕾诗(Fresh)红茶抗皱紧致浓缩眼部精华霜15ml
75.0,韩国直邮AHC紧致抗皱
465.0,SK-II微肌因修护焕采
460.2,FACEFACE日本•SK-II微肌因修护焕采眼霜15克
499.0,兰蔻新立体塑颜紧致眼霜15ml
459.0,资生堂【顺丰直发】资生堂(Shiseido)百优丰盈提拉紧致眼霜
458.0,雅诗兰黛（EsteeLauder）多效智妍蕴养眼霜15ml
33.0,雅诗兰黛【现货秒发】鲜活亮采红石榴眼部凝露5ml
435.0,【新版】SHISEIDO智感抚痕
434.5,斯科肤美国•雅诗兰黛(EsteeLauder)新多效智妍眼霜/多效智妍蕴养眼霜15ml
451.0,美国•雅诗兰黛(EsteeLauder)新多效智妍眼霜/多效智妍蕴养眼霜15ml
449.0,Dior迪奥未来新肌精华眼霜15ML2019新品
421.0,小钢炮百优丰盈提拉紧致眼霜
448.0,斯科肤美国•雅诗兰黛(EsteeLauder)弹性紧实柔肤眼霜/弹性紧实眼霜15ml
460.0,兰蔻新立体塑颜紧致眼霜15ml
139.0,欧莱雅(LOREAL)男士锐能抗皱紧致眼霜15ml
429.0,Lancome兰蔻塑颜修护紧致眼霜15ML
439.0,兰蔻【聚美直发】法国•兰蔻(Lancome)肌底精华眼霜（小黑瓶
439.0,雅诗兰黛【聚美直发】雅诗兰黛弹力多肽眼霜15ml
439.0,兰蔻法国•兰蔻(Lancome)新塑颜修护眼霜15ml
436.0,娇韵诗紧致眼霜
129.0,相宜本草相宜本草红景天幼亮眼凝霜15g淡化眼部细纹焕亮眼周
435.0,雅诗兰黛【聚美直发】雅诗兰黛新多效智妍眼霜15ml
439.0,资生堂Shiseido百优第三代眼霜
397.8,雅诗兰黛专柜正品雅诗兰黛ANR抗皱小棕眼抗蓝光特润修护精华眼霜
429.0,资生堂百优丰盈提拉紧致眼霜15ml
468.0,资生堂百优丰盈提拉紧致眼霜14g
348.0,雅诗兰黛多效智妍眼霜15ml
367.0,雪花秀闪理青春
429.0,Esteelauder雅诗兰黛多效智妍蕴养眼眼霜15ML
429.0,雅诗兰黛特润修护眼部精华露15ml
419.0,【日版】ELIXIR/怡丽丝尔抗皱精华眼霜15G
113.0,千叶百货兰蔻新塑颜修护眼霜
112.9,斯科肤兰蔻新塑颜修护眼霜
428.0,兰蔻LANCOME新立体塑颜紧致眼霜
439.0,雅诗兰黛美国•雅诗兰黛(EsteeLauder)新多效智妍眼霜/多效智妍蕴养眼霜15ml
419.0,秀雅韩酵秘谈滋养眼霜25ml提拉紧致淡化细纹紧致眼周去黑眼圈
419.0,兰蔻新立体塑颜紧致眼霜15ml
415.0,欧洲直邮雅诗兰黛青春抗皱滋润眼霜15ml
412.5,FACEFACE美国•雅诗兰黛(EsteeLauder)新多效智妍眼霜/多效智妍蕴养眼霜15ml
68.0,（30g*2瓶）葆玛之谜深海巨藻抗皱紧致修复眼霜30g肌秘眼霜保湿
408.0,兰蔻法国•兰蔻(Lancome)肌底精华眼霜15ml
389.0,Lancome兰蔻「新款小黑瓶」肌底精华眼霜发光眼霜15ml
409.0,SULWHASOO/雪花秀闪理补水保湿抗皱眼霜25ML
405.0,千叶百货日本•资生堂(Shiseido)新透白美肌集中焕白眼霜15ml
406.7,资生堂日本•资生堂盼丽风姿智感抚痕眼霜
425.0,佰草集佰草集御五行焕肌眼霜15g补水保湿紧肤
405.0,斯科肤雅诗兰黛(EsteeLauder)特润修护精华眼霜15ml
405.0,资生堂日本•资生堂(Shiseido)新透白美肌集中焕白眼霜15ml
405.0,SHISEIDO代百优丰盈提拉紧致眼霜
400.0,玉兰油OLAY塑颜臻粹眼霜15g日本进口淡化干纹
399.0,兰蔻小黑瓶肌底精华眼霜15ml
319.0,雅诗兰黛小棕瓶抗蓝光精华
318.0,娇韵诗焕颜弹力眼霜15ml
368.0,LANCOME升级版小黑瓶大眼精华
380.0,SULWHASOO/雪花秀闪理补水保湿抗皱
398.0,日本资生堂Shiseido小钢炮
340.0,资生堂百优丰盈提拉紧致眼霜15ml
395.0,雅诗兰黛雅诗兰黛(EsteeLauder)特润修护精华眼霜
395.0,斯科肤美国•科颜氏(Kiehl’s)牛油果眼霜28g
395.0,斯科肤美国•科颜氏(Kiehl’s))牛油果眼霜28g
395.0,FACEFACE科颜氏牛油果眼霜28g淡化眼部细纹保湿护理
395.0,Shiseido资生堂百优‌丰‌盈提拉​紧致‎眼​霜
375.0,兰蔻新立体塑颜紧致眼霜
395.0,科颜氏牛油果眼霜28g淡化眼部细纹保湿护理
392.0,斯科肤法国•兰蔻(Lancome)新塑颜修护眼霜15ml
98.0,雅诗兰黛小棕瓶抗蓝光
391.0,兰芝致宠凝时菁颜精华眼霜改善皱纹
399.0,科颜氏【商场专柜直邮】美国•科颜氏(Kiehl’s))牛油果眼霜
50.0,韩国AHC
388.0,LANCOME/兰蔻小黑瓶精华
388.0,香港直邮雅诗兰黛/EsteeLauder新款抗蓝光小棕瓶
378.0,SHISEIDO/资生堂新版百优
315.0,兰蔻全新全新精华肌底
384.0,欧莱雅(L'Oreal)金致臻颜松露奢养肌活眼霜
379.0,娇韵诗焕颜紧致眼霜15ML
379.0,雅诗兰黛抗蓝光眼霜小棕瓶特润修护精华眼霜15ML
379.0,娇韵诗【聚美直发】娇韵诗焕颜弹力眼霜
305.0,信美护肤美妆【国内专柜秒发】法国•兰蔻(Lancome)肌底精华眼霜15ml
345.0,【正品保证】雅诗兰黛小棕瓶抗蓝光精华
339.0,SHISEIDO/资生堂百优丰盈提拉紧致眼霜（小钢炮）15ml
369.0,SHISEIDO资生堂盼丽风姿无痕修护
403.0,LANCOME/兰蔻小黑瓶
399.0,兰蔻lancome小黑瓶眼霜15ml
340.0,娇韵诗焕颜紧致眼霜
378.0,ESTEELAUDER/雅诗兰黛
319.0,雅诗兰黛小棕瓶精华露
399.0,Clarins娇韵诗「抗压眼霜」焕颜弹力眼霜全明星眼霜15ml
369.0,Sulwhasoo雪花秀
368.0,雅诗兰黛小棕瓶抗蓝光眼霜15ml
368.0,CLARINS/娇韵诗焕颜紧致眼霜（全明星
398.0,雅诗兰黛小棕瓶抗蓝光眼霜15ml
328.0,兰蔻肌底精华眼霜小黑瓶发光眼膜霜15ml
359.0,SHISEIDO百优丰盈提拉紧致眼霜
359.0,娇韵诗全明星焕颜紧致眼霜15ml
359.0,Lancome兰蔻光彩唤醒强化眼霜15ML2019新品
399.0,Clarins娇韵诗多元赋活眼霜按摩头青春赋活眼部修护乳15ml
369.0,法国直邮菲洛嘉Filorga焕龄时光眼霜15ML
353.6,斯科肤法国•兰蔻(Lancome)肌底精华眼霜15ml
349.0,Lancome兰蔻「新款小黑瓶」肌底精华眼霜15ML「发光眼霜」
355.0,LanCome兰蔻小黑瓶肌底精华
350.0,雅诗兰黛眼部精华
349.0,雅诗兰黛眼部密集修护精华15ml
319.0,兰蔻小黑瓶精华肌底
195.0,科颜氏（Kiehl's）牛油
348.0,雪花秀滋盈肌本青春眼霜
370.0,LANCOME精华肌底眼部凝霜
59.0,Swisse摩洛哥抗老化
59.0,纽西之谜geoskincare纽西之谜胶原蛋白弹力眼霜20g
309.0,雅诗兰黛抗蓝光
306.0,科颜氏抗皱
389.0,持续改善眼部肌肤
339.0,雅诗兰黛小棕瓶熬夜
58.0,雅诗兰黛专柜正品雅诗兰黛多效智妍眼霜深度滋养、消褪眼纹、淡褪熊猫眼
58.0,【买1送1】玖美堂类蛇毒肽眼部精华霜补水保湿淡化眼纹黑眼圈眼霜
109.0,科颜氏【牛油果眼霜】聚美直发科颜氏牛油果眼霜1.5ml*10明星产品
319.0,Lancome兰蔻水份缘保湿舒缓眼霜15ML
319.0,EsteeLauder雅诗兰黛红石榴眼霜鲜活亮采眼部乳霜15ML
259.0,Kiehl's科颜氏牛油
329.0,Filorga菲洛嘉焕龄时光眼霜15ML
95.0,雅诗兰黛【现货秒发】雅诗兰黛特润修护精华眼霜5ml
71.0,雅诗兰黛多效智妍
308.0,玉兰油玉兰油(超A眼霜）博研诗密集焕颜淡纹抗皱眼霜15gA醇ProX精华液
309.0,Clarins娇韵诗青春赋活眼部修护乳
315.4,欧珀莱中国•欧珀莱（AUPRES）臻源多效眼霜15ml
218.0,Kiehl's科颜氏牛油果保湿眼霜
309.0,雅诗兰黛(EsteeLauder)特润修护精华
198.0,科颜氏牛油果
79.0,瓷肌瓷肌黄金蜗牛眼霜15ml淡化细纹黑眼圈眼袋紧致补水
309.9,雅诗兰黛雅诗兰黛小棕瓶抗蓝光特润修护精
29.0,20g哦（买2送1）娅芝抗皱保湿去黑眼圈眼袋弹性修复眼霜紧致补水
224.0,科颜氏（Kiehl's）牛油
309.0,科颜氏（Kiehl's）牛油果眼霜
379.0,雅诗兰黛抗蓝光眼霜
300.0,欧舒丹蜡菊修护
259.0,兰芝韩国•兰芝(LANEIGE)致美紧颜修护眼霜20ml
322.04,菲洛嘉360眼霜焕采靓丽360提拉紧致保湿淡化细纹黑眼圈
298.0,欧莱雅金致臻颜花蜜奢养眼霜15ml保湿补水眼部滋养
299.0,科颜氏牛油果眼霜
85.0,ATREUS山竹
295.0,LANCOME/兰蔻小黑瓶发光
295.0,ESTĒELAUDER雅诗兰黛特润修护精华
98.0,雅诗兰黛小棕瓶抗蓝光眼霜5ml
289.0,梦妆（mamonde）山茶凝时修护菁华
289.0,L'occitane欧舒丹蜡菊活颜紧致精华眼霜15ML
289.0,雅诗兰黛特润修护精华
209.0,科颜氏牛油果保湿
225.0,科颜氏牛油果保湿
288.0,科颜氏牛油果保湿眼霜28g
238.0,法国菲洛嘉雕塑360眼霜（紧致抗皱淡化黑眼圈）15ml
68.0,梵贞【买1送1】梵贞水润嫩滑富勒烯精华眼霜提拉紧致温和舒缓黑眼圈
169.0,科颜氏牛油果
329.0,SHISEIDO资生堂百优新版Glow系列二代眼霜15ml
279.0,法国菲洛嘉Filorga靓丽
279.0,菲洛嘉Filorga睛采靓丽
278.8,法国•雅漾(Avene)修颜抚纹眼霜15ml
32.9,大宝大宝眼袋霜15g提拉紧致肌肤修护眼袋缓解黑眼圈
309.0,佰草集佰草集新恒美紧肤眼霜15g（焕新版）眼部精华
304.0,佰草集佰草集润.泽兰蕴美眼霜15g补水保湿去细纹干纹
92.0,AHC第七代
49.0,【正品保证】韩国直邮JM
215.0,美国科颜氏Kiehl's牛油
300.0,【618狂欢立减30元】kiehls科颜氏滋润牛油果
245.0,科颜氏美国•科颜氏(Kiehl’s)牛油果（保湿）眼霜14g
279.0,欧莱雅金致臻颜奢养紧妍眼霜15ml滋润紧致深层滋养淡化皱纹黑眼圈
259.2,新恒美紧肤免洗眼膜（焕新版）
220.0,韩束韩束紫胶囊高机能新肌紧致精华眼霜20g
202.0,Kiehl's科颜氏牛油果保
259.0,Lancome兰蔻根源补养水润亮采眼霜眼部凝胶15ML
252.0,欧莱雅欧莱雅金致臻颜花蜜奢养滋润眼霜
272.0,日本•芙丽芳丝（freeplus）滋肤紧致夜用保湿眼霜20g
249.0,Kiehl's科颜氏夜间修护精华眼霜15ML
249.0,倩碧眼部护理滋养霜15ml
249.0,OLAY美国玉兰油白金小熨斗
248.0,佰草集新七白美白眼霜15g（焕新版）补水美白去黑眼圈
244.9,FACEFACE科颜氏牛油果眼霜14g淡化眼部细纹保湿护理
244.9,科颜氏牛油果眼霜14g淡化眼部细纹保湿护理
177.0,兰芝韩国•兰芝(LANEIGE)新水酷特润明眸啫喱25ml
29.0,（买2送1）娅芝烟酰胺走珠眼霜15ml提拉紧致抗皱淡纹去眼袋黑眼圈
239.0,CEMOY4D反重力飞碟眼霜20ML
239.0,Avene雅漾修颜抚纹眼霜15ML
239.0,科颜氏【顺丰直发】科颜氏（KIehl's）牛油果保湿眼霜
239.0,Kiehl's科颜氏牛油
228.0,蝶翠诗DHC眼唇护理套组（辅酶眼霜25g+护唇膏1.5g）
219.0,雅诗兰黛专柜正品雅诗兰黛沁水倍润眼部凝霜眼霜15ml保湿去黑眼圈
235.0,【618狂欢满300减30】菲洛嘉靓丽360度保湿
234.0,欧洲直邮ELIZABETHARDEN伊丽莎白雅顿水颜保湿眼霜15ml
233.9,斯科肤美国•科颜氏(Kiehl’s)牛油果（保湿）眼霜14g
219.0,【冻龄眼部肌肤】FILORGA菲洛嘉360雕塑靓丽
232.4,欧珀莱欧珀莱时光锁抗皱紧实眼霜
230.0,一清堂眼霜30g淡化细纹黑眼圈提拉紧致眼霜官方正品
199.0,雅诗兰黛ANR抗蓝光
259.0,法国菲洛嘉360°靓丽
215.8,玉兰油OLAY（玉兰油）新生塑颜金纯弹力眼霜15ml
68.0,SK-II全新大眼
245.0,欧莱雅（LOREAL）紫熨斗
19.9,笛爱儿燕窝按摩走珠眼霜淡化眼袋细纹紧致补水
42.0,兰蔻法国•兰蔻(Lancome)新塑颜修护眼霜/新立体塑颜紧致眼霜
219.0,兰蔻兰蔻
209.0,美国悦木之源(Origins)咖啡因活力焕亮眼霜15ml
209.0,hfpHFP玻尿酸紧致保湿眼霜提拉紧致淡化细纹黑眼圈脂肪粒补水精华女
219.0,雅诗兰黛雅诗兰黛多效智妍眼霜5ml*3淡化细纹熊猫眼紧致提拉补水保湿滋养
219.0,Cemoy澳洲CEMOY眼霜淡纹匿纹眼纹提拉紧致补水保湿
218.0,丸美丸美雪绒花纯净保湿眼霜25g滋润眼肌淡纹保湿眼部护理
185.0,EsteeLauder雅诗兰黛多效智妍眼霜眼霜
214.2,斯科肤欧莱雅复颜玻尿酸水光充盈全脸淡纹眼霜30ML
75.0,明色亮白改善细纹黑眼圈
215.0,AGE20's活肤焕颜抗
189.0,科颜氏（Kiehl's）牛油
75.0,EsteeLauder雅诗兰黛弹力多肽眼霜弹性紧实眼霜
214.2,斯科肤欧莱雅复颜玻尿酸水光充盈全脸淡纹眼霜
159.0,L'OREAL/欧莱雅复颜玻尿酸水光充盈全脸淡
209.0,innisfree/悦诗风吟绿茶籽精华眼霜
398.0,阿芙鸢尾眼霜淡化干纹细纹提拉弹润紧致保湿淡化黑眼圈眼袋抗皱
65.0,雅诗兰黛（ESTEELAUDER）新多效智妍
208.0,佰草集凝时臻颜精华眼霜15g补水保湿紧致淡化干纹细纹
79.9,娇兰【兰花眼唇霜】聚美直发娇兰御廷兰花卓能焕活修护眼唇霜2ml*2
222.0,日本•蝶翠诗(DHC)辅酶精萃赋活眼霜25g
169.0,美国科颜氏牛油果保湿眼14g
225.0,科颜氏牛油果保湿
199.0,欧莱雅L‘OREAL紫熨斗
199.0,科颜氏牛油果保湿
199.0,科颜氏牛油果
188.0,科颜氏牛油果眼霜14g/28g
179.0,悦木之源咖啡因活力焕亮眼霜15ml
507.0,娇兰水合青春眼部精华眼霜
79.0,【买1送1】泊泉雅珍珠精萃水润嫩滑眼霜补水保湿滋养眼部精华
189.0,珀莱雅珀莱雅（proya）弹润芯肌活力眼霜20g
189.0,蝶翠诗【谭松韵同款】DHC辅酶精萃赋活眼霜25gQ10滋润紧致眼周
195.0,欧莱雅复颜视黄醇精粹抗皱眼霜抗皱紧致
195.0,美国•雅诗兰黛(EsteeLauder)弹力多肽眼霜15ml/5ml*3
215.0,科颜氏/契尔氏酪梨眼霜/牛油果眼霜14g
269.0,丸美丸美宠爱之谜防晒隔离护肤套装眼部精华紧致淡黑眼圈
189.0,Vichy薇姿活性塑颜肌源焕活紧实眼霜15ML
188.0,ORIGINS悦木之源
188.0,EsteeLauder雅诗兰黛多效智妍
45.0,【拍3件】多肽蛋白修护眼霜小红瓶紧致抗皱修护肌底改善细纹眼圈
159.0,伊思（It’sskin）蜗牛红参
182.0,法国•贝德玛(Bioderma)舒妍修护眼部啫喱15ml
69.0,百雀羚肌初赋活抗皱菁华霜8g
177.0,斯科肤韩国•兰芝(LANEIGE)新水酷特润明眸啫喱25ml
179.0,欧莱雅欧莱雅复颜玻尿酸水光充盈全脸淡纹眼霜紫熨斗限量版随机发货
168.0,斯科肤美国•雅诗兰黛(EsteeLauder)新多效智妍眼霜5ml*3
177.0,兰芝韩国•兰芝(LANEIGE)新水酷特润明眸啫喱25ml
66.0,兰蔻【聚美直发】兰蔻全新精华肌底眼霜5ml小黑瓶眼霜
189.0,兰芝新水酷特润明眸啫喱眼霜25ml
169.0,FANCL芳珂活肤紧致透明质酸&胶原蛋白眼霜8g
169.0,雅诗兰黛美国•雅诗兰黛(EsteeLauder)新多效智妍眼霜
169.0,欧莱雅玻尿酸
228.0,丸美丸美新肌丝滑眼乳霜护肤套装滋润保湿舒缓眼部紧致
179.0,阿芙阿芙精油高保湿眼霜去细纹紧致补水学生黑眼圈眼袋
59.9,AHC第七代胶原蛋白保湿
79.0,花月情花月情震动眼霜驻颜电动按摩眼霜笔抗皱淡化黑眼圈
158.8,欧莱雅欧莱雅复颜抗皱眼霜全新升级视黄醇精粹抗皱眼霜
169.0,欧莱雅复颜抗皱眼霜全新升级视黄醇精粹抗皱眼霜
58.0,whoo后津率享眼霜小样1ml*20片
159.0,斯谛魅高丽雅娜安瓶精华眼霜颈霜2支装细纹治愈系眼霜
159.0,形象美形象美红光护理高频振动按摩眼霜改善眼部暗沉黑眼圈
159.0,玉兰油玉兰油新生塑颜金纯弹力眼霜15ml
159.0,【正品保证】日本直邮FANCL芳珂无添加紧致眼霜淡化细纹黑眼圈
99.9,植物医生植物医生山茶花悦泽水润按摩眼霜
158.0,JMsolution青光海洋珍珠滚珠
179.0,伊思（It’sskin）红参蜗牛眼霜套盒15ml*2支
156.0,斯科肤OLAY（玉兰油）新生塑颜金纯弹力眼霜15ml
155.0,兰芝水库保湿补水眼霜25ml
56.0,雅诗兰黛美国•雅诗兰黛(EsteeLauder)新多效智妍眼霜5ml
158.0,玫琳凯美国•玫琳凯（MaryKay）舒颜眼部啫哩15ml
349.0,法国兰蔻全新精华肌底
168.0,美肤宝（MEIFUBAO）五珍弹力保湿紧致眼霜20ml
143.0,兰芝特润明眸啫喱女士
349.0,雅诗兰黛（EsteeLauder）眼霜
199.0,私信私信济州岛绿茶补水保湿眼霜
65.0,JM珍珠/蜂蜜/玫瑰眼霜多型号
129.0,韩束中国•韩束巨水光高保湿弹润眼霜20ml
139.0,雅漾法国•雅漾(Avene)舒护眼霜10ml保湿
119.0,兰蔻LANCÔME/兰蔻新塑颜修护眼霜5毫升*3
142.0,美肤宝(MEIFUBAO)-玉露润颜修护眼霜20ml
143.0,BEAUCLAIR/雪美清去皱眼霜
115.0,信美护肤美妆【国内专柜秒发】法国•兰蔻(Lancome)全新精华肌底眼霜/肌底精华眼霜5ml*2
99.0,欧丽源欧丽源墨藻臻萃微震按摩修护眼霜（电动版）20g
319.0,兰蔻「小黑瓶」
36.0,雅诗兰黛专柜正品雅诗兰黛ESTéESTORIES鲜活亮彩红石榴眼部凝露5ml旅行装
49.0,葆玛之谜深海巨藻抗皱紧致修复眼霜30g肌秘眼霜去黑眼圈淡化细纹
145.0,希芸希芸幻时凝润修护眼霜30g改善黑眼圈补水保湿清爽不油腻
49.0,芭乐雅清爽舒缓眼部滚珠
249.0,雅诗兰黛小棕瓶密集修护眼精华ANR
45.9,纪梵希【48小时内聚美直发】法国•纪梵希(Givenchy)时光无痕修护眼霜3ml*3
79.0,梵贞梵贞六胜肽眼霜补水提拉淡化细纹紧致鱼尾纹眼部精华
36.18,蓝尼芳可蓝尼芳可︱多肽蛋白修护小红瓶眼霜淡皱细腻滋润温和修护眼部
45.0,（特价2瓶）韩伊去黑眼圈眼袋抗皱紧致眼霜20g*2保湿补水
119.0,苏芊无龄肌焕活眼霜25ML淡化细纹
119.0,【官方授权】Sukin无龄肌焕活眼霜25ml
159.0,荷诺HistoireNaturelle荷诺益生菌眼霜淡化黑眼圈细纹滋润紧致眼部肌底精华补水
65.0,兰蔻LANCOME小黑瓶发光
119.0,雅诗兰黛多效智妍
229.0,阿芙荷荷巴凝润保湿眼霜补水保湿淡化眼袋眼部护理
115.0,斯科肤法国•兰蔻(Lancome)全新精华肌底眼霜/肌底精华眼霜5ml*2
115.0,西班牙XHEKPON胶原蛋白保湿淡细纹眼霜20ml
99.0,【专柜直供极速发货】雅诗兰黛特润修护精华眼霜ANR小棕瓶抗蓝光
110.0,法国•雅漾(Avene)舒护眼霜/舒缓保湿眼霜10ml
109.0,ATREUS24K黄金
109.0,荷诺益生菌眼霜15g保湿滋润温和淡化黑眼圈提拉紧实
46.0,whoo后天率丹面霜眼霜二合一小样
95.0,玉兰油玉兰油多效修护眼霜15g
125.0,雅诗兰黛抗蓝光眼霜小样5ml
108.0,千叶百货欧莱雅清润葡萄籽水嫩膜力眼霜
79.0,朵拉朵尚朵拉朵尚多肽修护电动按摩眼霜20g
102.0,雅诗兰黛EsteeLauder抗蓝光眼霜小样5ml
99.0,雅诗兰黛【聚美24小时直发】雅诗兰黛抗蓝光特润修护精华眼霜5ml小棕瓶眼霜
325.0,雅诗兰黛修护眼部精华露
99.0,韩束中国•韩束（KanS）巨补水墨菊深度滋润眼霜20g
99.0,秀韩雅SooRyeHan/秀雅韩酵秘谈滋养眼霜1ml*25
99.0,BeautyBuffet泰国黄金
52.0,韩国AHC第七代升级版精华淡纹
98.0,蕾蒂金【加赠60片】韩国Dr.melaheal槿妆小蓝瓶抗皱淡纹眼霜60ml
118.0,Dr.eiffelDr.Eiffel鲟鱼子酱淡化细纹六胜肽小灯泡眼霜
35.0,韩国sum37°苏秘呼吸惊喜眼部水分啫喱精华/水漾沁润眼霜1ml*10
50.0,whoo后拱辰享平衡眼霜小样1ml*20片
75.0,信美护肤美妆雅诗兰黛鲜活亮采眼部凝露5ml*3
89.0,AHC第七代眼霜30ml*2
89.0,whoo后天气丹
89.0,雅诗兰黛雅诗兰黛多效智妍眼霜5ml淡化细纹熊猫眼紧致提拉补水保湿滋养
89.0,美人符富勒烯蜂毒眼部胶囊缓解细纹淡化黑眼圈
89.0,LiLiA电动按摩眼霜淡化眼袋黑眼圈细纹补水保湿抗皱
89.0,Lancome兰蔻新塑颜修护眼霜眼部精华
58.0,雅诗兰黛专柜正品雅诗兰黛ESTéESTORIES特润修护精华眼霜5ml/3ml旅行装
112.9,斯科肤法国•兰蔻(Lancome)新塑颜修护眼霜5ml*3
88.0,谜尚【谜尚官方旗舰店】谜尚(MISSHA)水清颜水动力眼霜30ml保湿滋润
88.0,迪凯瑞精纯玻尿酸鱼子酱修护眼霜
85.0,雅诗兰黛专柜正品雅诗兰黛(EsteeLauder)弹性紧实柔肤眼霜15ml
89.0,丽普司肽丽普司肽抗蓝光眼霜女淡化黑眼圈
99.0,诱颜yyooyaill玫瑰精油紧肤滋养眼霜18g
80.0,AHC第六代眼霜30ml
59.0,迪奥专柜正品迪奥(Dior)花蜜活颜丝悦按摩眼霜3ml
69.9,韩纪聚美官方旗舰店【熬夜急救】韩纪六胜肽补水保湿抗皱眼霜淡化黑眼圈眼纹提亮眼周
79.9,Mergian/美肌颜富勒烯焕活舒纹按摩电动眼霜15g*2
79.0,梵贞【买1送1】梵贞黄金蜗牛睛采眼霜补水保湿去黑眼圈滋润眼部护理
79.0,梵贞【买1送1】梵贞黄金弹润细嫩眼霜舒缓亮泽眼周淡化眼皱纹熊猫眼
79.0,兰蔻兰蔻全新精华肌底眼霜5ml小黑瓶【发光眼霜】
69.9,FACEFACE美国•雅诗兰黛(EsteeLauder)弹性紧实眼霜/弹性紧实柔肤眼霜5ml
79.0,韩国SNP海洋燕窝眼霜35ml/支补水保湿改善黑眼圈
2388.0,LaPrairie莱珀妮鱼子精华
75.0,明色胎盘素白皙
135.0,兰芝新水酷特润明眸啫喱
69.9,雅诗兰黛【聚美直发】雅诗兰黛新多效智妍眼霜
69.9,雅诗兰黛【聚美直发】雅诗兰黛新多效智妍眼霜
38.0,资生堂【顺丰直发】资生堂(Shiseido)新透白美肌集中焕白眼霜
69.9,兰蔻专柜正品兰蔻全新精华肌底眼霜小黑眼霜补水保湿发光眼霜
69.0,瑞思摩洛哥坚果抗老化眼霜
69.0,梵贞梵贞烟酰胺明眸眼霜滋润补水保湿去眼袋改善黑眼圈霜
69.0,蜜梨蜜梨/MATLEE可可分子肽抗蓝光眼霜保湿淡化细纹
49.0,韩朵韩朵樱花粉润补水保湿淡化细纹黑眼圈眼袋眼霜
69.0,zmc植美村ZMC其他-玫瑰果保湿眼霜（20-30年龄段）
68.0,雪玲妃雪玲妃抖音同款电动按摩眼霜眼部舒缓淡化细纹眼霜
68.0,SUKIN无龄肌抗衰老焕活
68.0,韩国直邮AHC第八代
63.0,雅诗兰黛雅诗兰黛（EsteeLauder）弹力多肽眼霜5ml
159.0,ATREUS多肽
65.0,meishoku明色抗皱精华
65.0,韩国直邮JM滚珠
96.0,雅诗兰黛【蓝光眼霜】48小时内聚美直发雅诗兰黛特润修护精华眼霜5ml
78.0,英国AA网海藻芦荟清爽眼胶50ml一抹赶走熊猫眼
79.0,韩朵孕妇眼霜眼部精华凝霜植物补水保湿淡化细纹黑眼圈
69.9,形象美形象美滋润睛采眼霜眼部精华补水保湿去眼袋黑眼圈
59.9,伊芳妮伊芳妮抗皱眼霜淡化黑眼圈眼袋细纹补水保湿提拉紧致抚平眼部护理
59.9,小迷糊小迷糊玻尿酸水嫩保湿眼霜正品20g
59.0,朵拉朵尚朵拉朵尚修护紧致明眸眼霜20g减缓黑眼圈眼袋补水
59.0,斯科肤1迪奥花蜜活颜丝悦按摩眼霜
59.0,美丽艾拉日本MATLEE蜜梨可可分子肽蓝光眼霜抗蓝光眼霜15g
59.0,【买1送1】泊泉雅弹性紧实柔肤眼霜滋养眼圈提拉紧致眼袋20g*2瓶
89.0,雅丽洁雅丽洁芦荟菁萃补水修护明眸亮采眼霜20g
1279.0,海蓝之迷浓缩精华
1282.0,美国海蓝之谜浓缩修护眼霜15ml
55.0,朵拉朵尚朵拉朵尚活力明眸绿宝瓶眼部精华液30ml淡化黑眼圈眼袋细纹
59.0,优理氏优理氏(UNES)铂晶金钻日夜眼霜套组(20g+20g)淡化黑眼圈
55.0,A.H.C(AHC)第七代多效修护眼霜新老包装随机发30ml
99.9,小迷糊小迷糊全脸眼霜补水抗皱去细纹20g
79.0,玖美堂黄金鱼子酱眼霜震动眼部淡化舒缓细纹黑眼圈眼袋熬夜救星
35.0,兰蔻专柜正品兰蔻(Lancome)新塑颜修护眼霜新立体塑颜紧致眼霜5ml
45.0,兰蔻【国内专柜中小样】LANCÔME兰蔻全新精华眼霜3ml/5ml
49.0,（30g哦）葆玛之谜巨藻保湿抗皱紧致眼霜去黑眼圈眼袋眼纹补水
49.0,JMsolution润光紧致玫瑰
35.0,（超值2瓶）爱肤宜眼部走珠精华液10ml*2抗皱淡纹保湿
49.0,JM肌司研玫瑰
189.0,迪奥Dior迪奥修护系列套包活肤驻颜中小样四件套水精华眼霜面霜
85.0,ATREUS泰国多肽
118.0,十月天使【199减100】十月天使蓝睡莲保湿弹润眼霜30g
39.9,形象美形象美黑珍珠保湿滋润去眼袋眼膜补水控油
39.9,【熬夜神器】祛眼袋黑眼圈眼部精华霜弹力修护保湿舒缓提拉紧致
39.9,【新品尝鲜】韩纪弹润修护眼霜紧致眼袋淡化眼纹去黑眼圈眼袋细纹
39.0,香奈儿香奈儿（Chanel）蓝色肌底眼部精华3ml
28.0,（买2送1）萃然美蜗牛紧致抗皱眼霜25ml改善黑眼圈补水保湿弹性
48.0,whoo后拱辰享平衡眼霜小样多规格
165.0,雅诗兰黛【现货秒发】雅诗兰黛鲜活亮采红石榴套装小样水乳/洁面/眼霜
39.0,自然之名自然之名柑橘果萃保湿眼霜提拉紧致淡化细纹黑眼圈
69.9,兰蔻【聚美直发】兰蔻全新精华肌底眼霜
99.0,雅诗兰黛特润修护精华
35.0,（买一送一）娅芝烟酰胺走珠眼霜15ml抗皱紧致去黑眼圈眼袋细纹
35.0,（买一送一）娅芝烟酰胺紧致走珠眼霜15ml抗皱淡纹淡化黑眼圈眼袋
519.0,欧莱雅(L'Oreal)青春密码肌底液+全脸淡纹眼霜礼盒装
29.0,娅芝烟酰胺走珠眼霜15ml抗皱紧致淡纹去黑眼圈眼袋补水保湿滋润
58.0,斯科肤法国•兰蔻(Lancome)全新精华肌底眼霜/肌底精华眼霜5ml
439.0,兰蔻LANCOME大眼眼霜小黑瓶眼霜20ml
29.0,泉兮泉兮红石榴眼霜保湿精华淡化细纹去黑眼圈眼袋护理缓解疲劳眼霜
28.8,谜草集谜草集走珠精华液淡化黑眼圈改善细纹提拉
63.9,兰蔻【小黑瓶眼霜】48小时内聚美直发法国•兰蔻肌底精华眼霜5ml
39.9,梵贞【20g*2支】梵贞烟酰胺滋润眼霜补水滋润去黑眼圈眼袋
198.0,雅诗兰黛【聚美24小时直发】雅诗兰黛抗蓝光特润修护精华眼霜5ml*2小棕瓶
26.0,纪梵希纪梵希（Givenchy）眼霜时光无痕修护眼霜3ml（盒装）（中小样）
27.0,whoo后拱辰享平衡
45.0,俪莉雅LILIA去眼袋淡化黑眼圈抚纹修护眼霜
49.0,韩熙贞【第2件0元】韩熙贞光润焕颜眼唇乳，眼唇双效修护
299.0,雅诗兰黛小棕瓶抗蓝光
48.0,whoo后拱辰享平衡眼霜小样多规格
49.0,黎漾【买一送一】黎漾按摩熬夜眼霜淡化黑眼圈补水保湿
99.0,【顺丰直发】雅诗兰黛抗蓝光特润修护精华眼霜5ml
299.0,雅诗兰黛（EsteeLauder）小棕瓶二合一眼霜眼部密集精华15m
168.0,袋鼠妈妈【199减100】袋鼠妈妈茶树清润水滢眼霜孕妇眼霜孕妇护肤品
179.0,Kiehl's科颜氏男士小冰棒眼霜5G
179.0,Vichy薇姿89眼霜眼部微精华露15ML
106.0,袋鼠妈妈【199减100】袋鼠妈妈燕窝深润眼霜密集保湿滋润眼角淡化细纹孕妇护肤品
238.0,伊思（it'sskin）晶钻美肤精华液+眼霜
158.0,袋鼠妈妈【199减100】袋鼠妈妈羊初乳皙润亮采眼霜水润滋养明眸焕采孕妇护肤品化妆品
105.0,LAMER海蓝之谜面霜
85.0,AHC新版第八代/第七代抗皱
285.0,斯科肤美国•雅诗兰黛(EsteeLauder)小棕瓶眼霜小样精华旅行套装
285.0,美国•雅诗兰黛(EsteeLauder)小棕瓶眼霜小样精华旅行套装
210.8,片仔癀片仔癀珍珠臻养多功能眼霜淡纹紧致滋养
185.0,信美护肤美妆【国内专柜秒发】美国•雅诗兰黛(EsteeLauder)特润修护精华眼霜5ml*2
1369.0,海蓝之谜【现货秒发】海蓝之谜浓缩密集修护眼霜
365.0,兰蔻（LANCOME）眼部精华肌底液（又名：大眼精华）
109.9,雅诗兰黛【聚美直发】雅诗兰黛特润修护精华眼霜
109.9,雅诗兰黛【聚美直发】雅诗兰黛特润修护精华眼霜
29.0,植物主义植物主义孕妇眼霜专用天然哺乳期孕期敏感肌眼部精华去眼袋黑眼圈
99.0,雅诗兰黛雅诗兰黛（EsteeLauder）特润修护精华眼霜5ml
265.0,馥蕾诗【聚美直发】馥蕾诗玫瑰润泽水凝眼霜15ml
79.0,十月天使【199减100】十月天使橄榄弹润舒纹眼霜
119.0,信美护肤美妆【国内专柜秒发】法国•兰蔻(Lancome)新塑颜修护眼霜5ml*3
830.0,【顺丰直发】兰蔻护肤礼盒臻白晚霜+洁面+精华眼霜+精华肌底液
35.9,雅诗兰黛【48小时内聚美直发】雅诗兰黛鲜活亮采(红石榴)眼部凝露5ml
29.0,植物主义植物主义孕妇眼膜贴孕期专用眼贴膜哺乳期可用眼霜天然保湿护肤品
195.0,斯科肤美国•雅诗兰黛(EsteeLauder)特润修护精华眼霜5ml*2
699.0,高夫高夫容耀抗皱精粹尊享套盒洁面乳抗皱精纯水乳液眼霜
588.0,雅诗兰黛【顺丰直发】雅诗兰黛礼盒口红420+333+眉笔+特润精华7ml+眼霜
129.0,【正品保证】韩国直邮WHOO后水妍
69.0,亲润【188减100】亲润胶原紧致眼部走珠精华露15ml孕妇眼霜精华淡化细纹黑眼圈
439.0,片仔癀片仔癀抗皱淡纹型凝时素颜紧致焕采眼霜
388.0,兰蔻眼部肌底精华液睛采小黑瓶大眼精华/眼霜20ml
388.0,Shiseido资生堂眼霜红妍肌活眼部精华露15ml红腰子
375.0,兰蔻Lancome兰蔻眼部肌底精华液睛采小黑瓶大眼精华/眼霜
428.0,【正品授权】雅诗兰黛（EsteeLauder）新款二合一眼霜眼部精华15ml
353.6,斯科肤法国•兰蔻(Lancome)全新精华肌底眼霜/精华肌底眼部凝霜/肌底精华眼霜15ml
1350.0,【专柜正品】HR赫莲娜至美琉光恒采
79.0,一叶子中国•一叶子植物·酵素鲜补水保湿眼霜25g
65.0,百雀羚百雀羚眼霜女草本活力紧致眼部精华啫喱霜补水保湿淡化细纹眼袋
254.15,片仔癀片仔癀修护眼霜淡化鱼尾纹细纹紧致抗皱
999.0,LaPrairie莱珀妮LP蓓丽鱼子酱眼部精华紧致啫喱凝胶眼霜15ml
250.0,美国科颜氏男士活力补水去黑眼圈眼纹
256.0,佰草集新恒美紧肤免洗眼膜20g（焕新版）眼霜
229.0,美国•科颜氏(Kiehl’s)男士淡纹紧实修护眼霜14ml
199.0,雅诗兰黛美国•雅诗兰黛(EsteeLauder)特润修护精华眼霜5ml*2
59.0,雅芳雅芳新活再生眼露12ml眼霜保湿滋润补水淡化细纹效期20年7月
202.3,片仔癀片仔癀无暇晶透焕采眼霜补水淡化黑眼圈
189.0,Kiehl's科颜氏活力男士眼霜15ML2020新品
259.0,十月妈咪孕妇眼霜保湿滋养缓解孕期眼周问题黑眼圈
78.0,倩碧【聚美24小时直发】倩碧水嫩保湿眼部精华露5ml*3水磁场眼霜2022.02月
488.0,雅诗兰黛【顺丰直发】雅诗兰黛净透洁面30+持妆17#30ml+特润精华7ml+抗蓝光眼霜
169.0,珀莱雅中国•珀莱雅(proya)水漾芯肌透润眼霜20g
39.9,形象美形象美水嫩细致走珠眼精华眼霜去黑眼圈眼袋
59.9,素萃素萃爽肤水补水保湿面霜眼霜护肤紧致肌肤细致毛孔护肤品
128.0,【植物护肤抑制黑色素】婧麒小麦滋养眼霜孕妇护肤品
109.0,雅诗兰黛美国•雅诗兰黛(EsteeLauder)特润修护精华眼霜5ml
128.0,【淡纹组合】韩纪六胜肽抗皱精华+抗皱眼霜修护肌肤淡化细纹
298.0,SK-II小鸟套盒三件套中小样旅行装（30ml神仙水，2.5g
94.8,斯科肤美国•雅诗兰黛(EsteeLauder)特润修护精华眼霜5ml
102.0,【2盒装】JM海洋珍珠面膜三部曲精华+
79.9,【买1送1送眼霜】素萃30片眼膜贴淡化黑眼圈眼袋细纹补水消纹护眼
99.0,WHOO后共振享水乳精华
98.0,（超值10瓶）端兰眼部多效原液精华眼霜10ml抗皱
42.0,（买2送1）萃然美金桂花眼膜眼贴膜80片眼霜抗皱改善眼袋黑眼圈
299.0,欧莱雅复颜玻尿酸水光充盈全脸淡纹眼霜30ml赠送7.5ml*4支=30ml
272.0,百雀羚百雀羚眼霜肌初赋活抚痕眼部精华液保湿淡化黑眼圈
128.0,袋鼠妈妈【199减100】袋鼠妈妈孕妇水凝眼周保湿露眼霜天然豆乳滋养孕妇护肤品化妆品
235.0,雅诗兰黛雅诗兰黛特润修护肌透两件套（精华露15ml+精华眼霜5ml）小棕瓶
228.0,ElizabethArden伊丽莎白雅顿时空焕活眼部胶囊精华液/金胶眼霜30粒
59.0,梵贞梵贞鱼子酱24k黄金眼部精华霜补水滋润滋养眼部护理女士补水眼霜
219.0,WISWIS焕活紧致眼部精华液特润修护抗皱眼霜淡化细纹眼纹眼袋
79.0,梵贞【买一送一】梵贞眼部精华胎盘素胶囊精华液眼霜维生素E补水滋润
69.0,一叶子中国•一叶子白玉兰提亮补水眼霜25g
75.0,潘思莉【潘思莉】潘思莉清澄宠护眼霜30g提拉紧致孕妇护肤品化妆品
67.0,innisfree悦诗风吟海藻科学抗皱精华、精华霜、精华
108.0,澳兰黛【199减100】澳兰黛凝时焕颜滋养眼霜孕妇专用补水保湿
58.0,（超值5瓶）端兰眼部多效原液精华眼霜10nl*5补水
139.0,涵佩涵佩进口紧致抚纹霜眼部精华眼霜女淡化眼周纹去眼袋
139.0,WISWIS男士青春润泽眼霜15g补水滋润淡化细纹眼纹紧致眼周滋养眼部
59.9,伊芳妮伊芳妮紧致修护滚珠按摩眼霜抗皱淡化细纹黑眼圈眼袋抗蓝光精华液
119.0,UlikeUlike眼部按摩仪美眼笔美眼仪美眼棒提高眼霜吸收美颜笔
98.0,迪奥专柜正品迪奥(Dior)粉耀夏日套装悦之欢香水5ml+未来新肌眼霜2ml
38.0,端兰液体超声刀眼部多肽精华液10ml眼霜淡细纹抗皱
319.0,【618狂欢】雅诗兰黛小棕瓶眼部二合一密集精华15ml
109.0,EVMEVM烟酰胺雪润亮采精华眼霜15g冰感按摩头拯救熊猫眼
210.0,千叶百货盈润滋养眼霜
207.0,兰芝LANEIGE水库凝肌水乳套盒
29.0,（超值2瓶）端兰眼部多效原液精华液眼霜10ml补水
118.0,亲润【188减100】亲润豆乳眼凝露20g孕妇护肤品孕妇眼霜哺乳期化妆品
49.0,茵芙莎【国内专柜版本小样】茵芙莎角质水1号/2号/喷雾/面膜/眼霜小样
78.0,【多色号可选】香蒲丽精华眼膜60片
59.0,JM海洋珍珠眼膜/蜂蜜眼膜60片
139.0,Avene雅漾舒护眼霜10ML
69.0,ATREUS24K黄金眼霜30ML
179.0,伊思红参蜗牛滚珠眼霜
920.0,欧蕙多效活妍凝润眼霜
69.0,AHC第七代眼霜30ML
59.0,AHC第七代
59.0,AHC第八代
631.0,悦薇珀翡
345.0,兰蔻小黑瓶
49.0,一叶子一叶子黑松露舒缓紧纹蝶翼眼膜10片补水保湿提亮面膜
209.0,日本蛇毒眼膜红色/白色升级版60片
469.0,资生堂眼唇抚纹精华修复霜22克
406.0,雅诗兰黛小棕瓶密集修护眼精华15ml
479.0,【618狂欢立减30元】黛珂保湿赋活精华
1072.0,海蓝之谜精华乳霜保湿滋润
579.0,SHISEIDO资生堂悦薇REVITAL抗皱精华眼霜紧致去黑眼圈缓疲劳15G
1248.0,LAMER海蓝之谜紧致焕采眼霜15ml
1049.0,Dior迪奥花蜜活颜丝悦按摩眼霜15ML
319.0,Dior迪奥乐肤源冰润眼部凝露眼霜15ML
623.0,日本SK-II微肌因修护焕采眼霜1
319.0,欧洲直邮L‘OCCITANE欧舒丹蜡菊活颜精华眼霜15ml
389.0,Shiseido/资生堂百优丰盈提拉紧致眼霜（小钢炮）
1239.0,EsteeLauder雅诗兰黛白金花菁萃紧颜眼霜15ML
998.0,海蓝之谜紧致焕采
389.0,Clarins娇韵诗焕颜弹力全明星
929.0,Valmont法尔曼升效眼唇护理霜15ML
1229.0,Valmont法尔曼塑颜臻美紧密
639.0,Valmont法尔曼水润补湿眼部啫喱15ML2019新品
658.0,【专柜正品】HR赫莲娜绿宝瓶眼部精华乳
648.0,【专柜正品】资生堂Shiseido百优丰盈提拉紧致眼霜15ml
768.0,【专柜正品】资生堂Shiseido悦薇珀翡塑颜抗皱精华眼霜15g
229.0,Kiehl's科颜氏牛油果保湿眼霜14-28G
418.0,Lancome兰蔻小黑瓶
589.0,日本•资生堂（REVITAL）悦薇抗皱美容精华眼霜15ml
169.0,FANCL/芳珂活肤紧致眼霜8G
811.0,欧洲直邮资生堂时光琉璃御藏臻采抗鈹眼唇霜
199.0,科颜氏牛油果保湿眼霜14g
109.0,EsteeLauder雅诗兰黛小棕瓶抗蓝光眼霜5ml
224.0,EsteeLauder雅诗兰黛小棕瓶抗蓝光眼霜5ml*2
315.0,EsteeLauder雅诗兰黛小棕瓶抗蓝光眼霜5ml*3
829.0,雅诗兰黛白金级花菁萃紧颜焕活眼霜15ml
1059.0,Guerlain娇兰御廷兰花修护眼唇霜
165.0,It'sSkin伊思蜗牛系列红参蜗牛滋润修护眼霜，抗皱紧致修护
299.0,EsteeLauder雅诗兰黛抗蓝光
2129.0,laprairie莱珀妮lp蓓丽蓝鱼子琼贵精华眼霜紧致提拉
305.0,菲洛嘉逆时光
259.0,菲洛嘉360
1155.0,【满300减30元】LAMER海蓝之谜修护精致浓缩精华
309.0,Lancome兰蔻精华肌底眼部凝霜15ml新版
53.9,EsteeLauder/雅诗兰黛新多效智妍
112.0,Natio无龄紧致亮彩眼霜20g
339.0,雅诗兰黛（EsteeLauder）多效智妍眼霜15ml
368.0,雅诗兰黛（EsteeLauder）弹力多肽眼霜15ml（弹性紧实）
699.0,兰蔻新菁纯臻颜润养
2580.0,LaPrairie莱珀妮蓝鱼子精华琼贵紧致眼霜反重力眼部精华20ml
249.0,法国欧莱雅复颜玻尿酸水光全脸淡纹眼霜紫熨斗眼霜30ml+赠7.5ml
289.0,娇韵诗多元青春赋活金属按摩头眼霜
2639.0,海蓝之谜浓缩修护眼部精华霜
170.0,【新旧随机】IT'SSKIN/伊思红参蜗牛滚
539.0,HR赫莲娜绿宝瓶亮采精灵眼部精华乳15ml
318.0,兰蔻(LANCOME)新立体塑颜紧致眼霜15ml
208.0,Kiehl's科颜氏牛油果保
1499.0,海蓝之迷绿眼霜15ml
1099.0,宝丽黑B.A
56.0,打造精致饱满双眸
89.0,苏芊无龄肌焕活眼霜
219.0,欧莱雅复颜玻尿酸水光充盈全脸淡纹眼霜
159.0,欧莱雅复颜玻尿酸水光充盈全脸淡纹
339.0,EsteeLauder雅诗兰黛小棕瓶系列抗蓝光特润修护精华
1199.0,LaMer海蓝之谜紧致焕采
499.0,SK-IIR.N.A微肌因修护焕采
79.0,beautybuffet维生素C
126.0,AHC黄金
248.0,FILORGA菲洛嘉靓丽眼霜15ml
1179.0,宝丽B.A赋颜晨光眼霜26G
1300.0,资生堂眼霜眼膜颈霜套盒
349.0,资生堂百优
959.0,法尔曼PRIMECONTOUR/升效眼唇护理霜15ML
348.0,Lancome兰蔻大眼精华眼部肌底液20ml
55.0,AHC新版第七代紫色
115.0,medipeel美蒂菲玻尿酸紧致眼霜40ml
1359.0,LAPRAIRIE/莱珀妮精华眼部紧致啫喱眼霜15ML
895.0,日本宝丽POLA黑BA赋颜晨光保湿滋润紧致眼霜/新款精华眼霜26g
249.0,菲洛嘉（Filorga）靓丽
329.0,菲洛嘉（Filorga）焕龄时光
212.0,L'OREAL/欧莱雅复颜玻尿酸水光充盈全脸淡纹眼霜30ML
235.0,FILORGA菲洛嘉360焕采靓丽眼霜15毫升提拉紧致淡化细纹
758.0,资生堂（Shiseido）悦薇珀翡塑颜抗眼霜15ml
72.0,EsteeLauder雅诗兰黛弹力多肽眼霜5ml小样体验装
92.0,ESTEELAUDER雅诗兰黛特润精华小棕瓶抗蓝光眼霜5ml
189.0,IT'SSKIN/伊思红参蜗牛滚珠眼霜送精华小样
329.0,兰蔻(Lancome)肌底精华
759.0,兰蔻新菁纯臻颜润养
329.0,娇韵诗全明星
198.0,KIEHL'S/科颜氏牛油
370.0,SHISEIDO日本资生堂百优
539.0,资生堂/Shiseido悦薇珀翡塑颜
1059.0,POLA宝丽黑B.A赋颜晨光眼霜26g
1249.0,AMER海蓝之谜浓缩修护眼部精华霜15ml
1059.0,海蓝之谜紧致焕采眼霜白眼霜15ML
87.0,高丽雅娜coreana精华
599.0,娇兰(Guerlain)帝皇蜂姿丰盈修复眼霜15ml
575.0,【2瓶特惠】雅诗兰黛EsteeLauder新版抗蓝光小棕瓶眼霜15ml*2
499.0,HelenaRubinstein赫莲娜HR绿宝瓶眼部精华
69.0,theordinary咖啡因
309.9,雅诗兰黛雅诗兰黛小棕瓶抗蓝光特润修护精华眼霜
279.0,科颜氏【国内专柜版本】Kiehl's科颜氏牛油果眼霜14克
439.0,雅诗兰黛【国内专柜版本】雅诗兰黛特润修护精华眼霜小棕瓶眼霜15ml
418.0,雅诗兰黛雅诗兰黛(EsteeLauder)特润修护精华眼霜15ml
42.8,形象美形象美日夜弹滑精华眼霜去眼袋淡化眼纹嫩肤紧致眼部护理精华
778.0,奥达士AUDACE奥达士兰花精粹抗皱紧致赋活眼霜15ML
780.0,雅诗兰黛美国•雅诗兰黛(EsteeLauder)白金级花菁萃紧颜焕活眼霜15ml
189.0,兰蔻【国内专柜中小样】兰蔻菁纯瑧颜焕亮眼霜5ml
750.6,兰蔻专柜正品兰蔻新菁纯臻颜焕亮眼霜20ml淡褪干纹细纹滋润眼周肌肤
389.2,兰蔻专柜正品兰蔻塑颜修护眼霜15ml提拉紧致保湿滋润紧致淡化
777.6,斯科肤法国•兰蔻(Lancome)菁纯臻颜焕亮眼霜20ml淡化干纹细纹
232.5,科颜氏专柜正品kiehls科颜氏牛油果眼霜14g润肤抗皱补水
229.0,雅丽洁雅丽洁芦荟弹润紧致修护眼霜45g，盈润保湿，弹力紧致
238.0,片仔癀片仔癀B116雪肌无暇奢养眼霜滋润提拉眼周修护淡化眼纹紧致
459.0,资生堂SHISEIDO资生堂百优丰盈提拉紧致眼霜15ml
119.0,雅诗兰黛ESTĒELAUDER雅诗兰黛特润修护精华眼霜5毫升
249.0,科颜氏科颜氏牛油果眼霜14g滋润眼周，淡化干纹
655.7,迪奥Dior/迪奥肌活蕴能紧致焕妍眼霜15ml焕发眼周活力
29.0,纪梵希【顺丰直发】纪梵希时光无痕修护眼霜
199.0,FACEFACE美国•雅诗兰黛(EsteeLauder)新多效智妍眼霜5ml*3
62.0,FACEFACE美国•雅诗兰黛(EsteeLauder)新多效智妍眼霜5ml
49.0,形象美形象美黄金晶透滋润眼霜补水保湿眼部精华眼部护理
79.9,伊芳妮伊芳妮活力眼霜淡化黑眼圈唇纹眼袋抗皱淡化细纹脂肪粒紧致眼唇霜
10.0,兰芝专柜正品兰芝(LANEIGE)新水酷特润明眸凝露25ml
270.0,欧莱雅欧莱雅金致臻颜花蜜奢养滋润眼霜
255.0,欧莱雅欧莱雅复颜玻尿酸水光充盈全脸淡纹眼霜
360.0,欧莱雅欧莱雅(L'Oreal)金致臻颜松露奢养肌活眼霜
128.0,自然之名自然之名自然之名柑橘果萃眼霜15g*3滋养眼周清爽不油腻
96.85,爱和纯专柜正品爱和纯ahc第四代纯净修复抗皱多效护理霜
221.0,欧莱雅专柜正品欧莱雅(L‘Oreal)复颜玻尿酸水光充盈全脸淡纹眼霜30ml
156.0,欧莱雅欧莱雅(L‘Oreal)复颜抗皱紧致滋润眼霜15ml
59.0,兰蔻专柜正品兰蔻(Lancome)全新精华肌底眼霜发光眼霜小黑眼霜5ml
43.0,迪奥专柜正品迪奥(Dior)花秘瑰萃玫瑰眼部精华2ml
169.0,玉兰油专柜正品玉兰油(OLAY)塑颜金纯弹力眼霜15ml
632.0,迪奥专柜正品迪奥(Dior)修护眼霜活肤驻颜眼霜15ml
65.9,娇兰【新版帝皇眼霜】24小时内聚美直发娇兰帝皇蜂姿抗皱赋源眼霜3ml*2
559.0,伊丽莎白雅顿美国•伊丽莎白雅顿(ElizabethArden)金致甦活眼霜15ml
49.0,花月情【60秒快速去眼袋】花月情早晚眼霜6ml紧致抗皱去眼袋脂肪粒
259.0,hfpHFP视黄醇提亮眼霜去淡化细纹抗皱黑眼圈眼袋a醇抗初老眼霜男女
459.0,娇韵诗CLARINS/娇韵诗娇韵诗焕颜弹力眼霜15毫升/1瓶
59.0,兰蔻LANCÔME/兰蔻新塑颜修护眼霜5毫升补水保湿
198.0,Dr.eiffelDr.Eiffel二裂酵母淡化黑眼圈细纹紧致提亮眼霜
329.0,雅诗兰黛ESTĒELAUDER雅诗兰黛特润修护精华眼霜5毫升*3瓶装小棕瓶
109.0,JM肌司研玫瑰
109.0,EtudeHouse韩国伊蒂之屋水分胶原蛋白补水
999.0,LAMER/海蓝之谜浓缩修护眼部精华/白眼霜15ML
279.0,【正品保证】香港直邮Kiehl's科颜氏牛油
545.0,日本直邮资生堂提拉紧致眼霜14g
379.0,ELIXIR/怡丽丝尔淡化皱纹怡丽丝尔
1099.0,POLA/宝丽碧艾B.A重塑紧致眼霜26g保湿滋润紧致
189.0,【2件装】BeautyBuffet泰国黄金
339.0,日本shiseido资生堂百优
589.0,日本直邮Shiseido资生堂Revital悦薇精华
378.0,SHISEIDO资生堂百优丰盈提拉紧致眼霜15ml
839.0,POLA/宝丽抗皱精华液20g
69.0,AHC第八代
345.0,娇韵诗焕颜紧致全明星弹力
163.0,兰蔻新菁纯臻颜焕亮眼霜
675.0,兰蔻精华肌底眼部凝霜
999.0,LAMER/海蓝之谜白眼霜15ML
549.0,赫莲娜HR绿宝瓶眼部精华
166.0,欧莱雅LOREAL紫熨斗
265.0,谜尚美思拱辰之初眼霜
240.0,欧莱雅复颜抗皱紧致滋润眼霜2019新春限量版
647.4,韩国•雪花秀闪理/滋盈肌本青春眼霜25ml
1270.0,DIOR迪奥花蜜活颜丝悦按摩眼霜
437.0,DIOR迪奥乐肤源冰润眼部凝露
220.0,悦诗风吟白牡丹焕妍晶白眼部精华露
241.0,欧珀莱时光锁抗皱紧实眼霜
399.0,欧莱雅金致臻颜松露奢养肌活眼霜15ml补水保湿改善提拉紧致滋润
159.0,黛珂AQ珍萃精颜绮迹眼霜2g明眸，清澈透亮
198.0,Kiehl’s科颜氏/契尔氏酪梨眼霜/牛油果眼霜14g
418.0,Shiseido资生堂百优丰盈提拉紧致眼霜15ml
379.0,欧莱雅金致臻颜牡丹奢养眼霜15ml女淡纹抗皱改善暗沉黑眼圈眼袋
499.0,【国内专柜版本】LANCÔME兰蔻小黑瓶精华肌底眼部凝霜15毫升
288.0,欧莱雅金致臻颜花蜜奢养滋润眼霜
360.0,欧莱雅(L'Oreal)金致臻颜松露奢养肌活眼霜
402.55,菲洛逆时光眼霜菲洛嘉焕妍时光抗皱眼霜
655.7,Dior/迪奥肌活蕴能紧致焕妍眼霜15ml焕发眼周活力
498.0,SK-II/SK2/skii微肌因修护焕采眼霜(全新大眼眼霜)15g
270.0,欧莱雅金致臻颜花蜜奢养滋润眼霜
329.0,洛佩希眼霜-逆时空修纹紧致精华眼霜30g
299.0,菲洛嘉焕采靓丽眼霜（360雕塑眼霜）15ml
485.0,菲洛嘉焕妍时光抗皱眼霜15ml菲洛嘉焕妍时光抗皱眼霜
68.0,送水光精华（30g*2瓶）葆玛之谜巨藻保湿抗皱紧致眼霜30g补水修复
49.0,（30g大瓶）葆玛之谜巨藻保湿抗皱紧致眼霜30g补水去黑眼圈眼袋
49.0,（买一送一）葆玛之谜抗皱紧致走珠眼霜15ml淡化细纹去黑眼圈眼袋
68.0,【买1送1】玖美堂明眸走珠眼精华液眼部护理精华补水润泽改善眼纹
119.0,玖美堂多肽弹润柔嫩眼霜电动按摩眼霜改善细纹去修护黑眼圈30g
119.0,HN荷诺乳酸菌眼霜15g淡化黑眼圈细纹滋润紧致眼部肌底精华补水
39.0,（买2送1）葆玛之谜复活草抗皱保湿眼霜30g淡化黑眼圈眼袋补水
89.0,玖美堂晶透水润嫩滑眼霜眼霜淡化黑眼圈细纹保湿滋润眼周10g*2瓶
49.0,（20g*2瓶）娅芝抗皱保湿去黑眼圈眼袋弹性修复眼霜20g补水紧致
58.0,【20ml*2瓶】玖美堂睛彩盈润保湿眼霜补水滋润改善眼周淡化黑眼圈
439.0,美国•雅诗兰黛(EsteeLauder)新多效智妍眼霜/多效智妍蕴养眼霜15ml
439.0,美国•雅诗兰黛(EsteeLauder)新多效智妍眼霜/多效智妍蕴养眼霜15ml
779.0,美国•雅诗兰黛(EsteeLauder)白金级花菁萃紧颜焕活眼霜15ml
779.0,美国•雅诗兰黛(EsteeLauder)白金级花菁萃紧颜焕活眼霜15ml
449.0,美国•雅诗兰黛(EsteeLauder)弹力多肽眼霜15ml
449.0,法国•兰蔻(Lancome)新塑颜修护眼霜15ml
863.0,兰蔻(Lancome)菁纯臻颜润养/焕亮眼霜20mL
655.0,欧蕙时光菁纯焕颜眼霜改善眼周细纹
1480.0,欧蕙源生眼霜礼盒3件套(105ml)焕活双眸迷人神采
2649.0,海蓝之谜鎏金焕颜精华眼霜15ml褪淡纹路眼纹
219.0,美国•海蓝之谜（LAMER）鎏金焕颜精华眼霜3ML
458.0,日本•资生堂(Shiseido)百优丰盈提拉紧致眼霜15ml
389.0,日本•资生堂盼丽风姿智感抚痕眼霜15ml
777.6,法国•兰蔻(Lancome)菁纯臻颜焕亮眼霜20ml淡化干纹细纹
419.0,日本•资生堂(Shiseido)新透白美肌集中焕白眼霜15ml
379.0,【顺丰包邮】雅诗兰黛特润修护精华眼霜15ml小棕瓶抗蓝光眼霜
1149.0,日本•SK-II金钻升华修护眼霜15g臻zhi
29.0,（20g）雪柔雅烟酰胺抗皱紧致弹性眼霜补水保湿去眼袋【买2送1】
49.0,（20g*2只）雪柔雅烟酰胺抗皱紧致弹性眼霜淡化黑眼圈去眼袋细纹
369.0,日本•茵芙莎（IPSA)流金岁月奕采按摩眼霜20g
599.0,日本•茵芙莎黑晶睿迷焕彩紧致眼霜15g
139.0,【国内专柜版本】雅诗兰黛特润修护精华眼霜小棕瓶眼霜5ml
229.0,法国•雅漾(Avene)修颜抚纹眼霜15ml
472.0,法国•欧舒丹（L’OCCITANE）蜡菊赋颜御龄精华眼霜15ml
759.0,欧舒丹赋颜御龄精华油
289.0,欧舒丹腊菊活颜精致精华眼霜
472.0,欧舒丹蜡菊赋颜御龄紧致眼霜
182.0,欧莱雅青春密码酵素精华眼霜强韧眼周，改善暗沉
165.0,LECURER法国洛可莱眼霜抗皱淡细纹黑眼圈眼袋眼纹日霜15g+晚霜15g
49.0,希思黎抗皱修活御致眼唇霜2ml/2ml*10管装抗皱保湿滋润
358.0,玫琳凯美国•玫琳凯(MaryKay)幻时佳®多效修护眼霜15g
168.0,保湿紧致|舒缓眼周|修护塑颜
799.0,兰蔻（LANCOME）菁纯
69.0,MEISHOKU/明色药用胎盘素美白抗皱眼霜30G
359.0,LANCOME兰蔻小黑瓶
180.0,韩束紧致提拉保湿淡化细纹聚时光鎏金奢养紧致眼霜
389.0,兰蔻水份缘眼霜
836.0,兰蔻新菁纯臻颜润养
570.0,法国直邮菲洛嘉Filorga新肌赋活眼霜15ML
402.0,百优丰盈提拉紧致眼霜
562.0,资生堂悦薇珀翡塑颜眼霜15ml
599.0,迪奥男士
257.0,细腻质地绵柔好吸收，双重保湿
377.0,法国•兰蔻(Lancome)新塑颜修护
189.0,Kiehl's科颜氏牛油果保湿眼霜14g/ml
368.0,Shiseido资生堂百优丰盈提拉紧致眼霜小钢炮15ml
489.0,资生堂盼丽风姿智感抚痕眼霜
378.0,Lancome兰蔻新立体塑颜修护眼霜15ml
190.0,兰蔻肌底精华
359.0,EsteeLauder/雅诗兰黛抗蓝光小棕瓶特润修护精华眼霜15ml
379.0,雅诗兰黛红石榴眼霜
349.0,雅诗兰黛多效智妍
239.0,Filorga菲洛嘉粉颜光采眼霜15ML2019新品
319.0,法国菲洛嘉逆时光
466.0,日本SK-II大眼
398.0,兰蔻新立体塑颜紧致眼霜
489.0,Filorga菲洛嘉新肌赋活「水光」眼霜15ML2019新品
439.0,【日版】ELIXIR/怡丽丝尔抗皱精华眼霜15G
119.0,ESTEELAUDER/雅诗兰黛抗蓝光
109.0,雅诗兰黛小棕瓶抗蓝光
635.0,法国直邮菲洛嘉Filorga焕活凝烁眼霜15ML
189.0,雅诗兰黛多效智妍精华
305.0,法国直邮菲洛嘉Filorga粉颜光采眼霜15ML
666.0,眼部小熨斗新版小针管
259.0,菲洛嘉Filorga360睛彩靓丽
335.0,雅诗兰黛眼霜特润抗蓝光眼霜
119.0,雅诗兰黛抗蓝光眼霜
249.0,菲洛嘉靓丽360度保湿
460.0,雅诗兰黛ANR肌透修护眼部精华露
199.0,科颜氏牛油果保湿
55.0,AHC第七代焕颜精华
435.0,雅诗兰黛雅诗兰黛（EsteeLauder）弹力多肽眼霜15ml（弹性紧实眼霜）
428.0,雅诗兰黛美国•雅诗兰黛(EsteeLauder)新多效智妍眼霜/多效智妍蕴养眼霜15ml
199.0,芳珂芳珂（Fancl）凝亮保湿盈润滋养眼霜8g
1790.0,海蓝之谜海蓝之谜（Lamer）紧致焕采眼霜15ml
22.0,纪梵希纪梵希（Givenchy）时光无痕修护眼霜2ml（盒装）（中小样）
199.0,Dr.G蒂迩肌蜂胶蜗
369.0,资生堂百优
549.0,SHISEIDO资生堂悦薇紧致精华
529.0,SK-II微肌因修护焕采大眼
529.0,SK-II/SK2/skii微肌因修护焕采
109.0,【官方授权】雅诗兰黛（EsteeLauder）小棕瓶精华特润精华露15ml
99.0,蒂欧丝眼膜贴口香糖抗皱眼贴10对
455.0,【满300减30元】雅诗兰黛小棕瓶高能精华20ml
56.0,WHOO后天气丹拱辰享津率享水妍秘贴小样旅行套装
846.0,香奈儿（Chanel）智慧眼霜
338.0,雅诗兰黛小棕瓶眼精华15ml
2399.0,海蓝之谜（LAMER）修护紧致浓缩精华露滋润营养50ml
118.0,后（Whoo）津率享中小样六件套
449.0,【618狂欢立减30元】雅诗兰黛高能小棕瓶精华20ml
189.0,KateSomerville祛痘精华液30ml
840.0,兰蔻精华小黑瓶肌底液100ml
788.0,Lancome兰蔻2019圣诞限量彩妆护肤礼盒大礼包冷色系/暖色系
165.0,AHCB5玻尿酸面霜50ml
449.0,资生堂红妍肌活眼部精华露15ml
399.0,【专柜正品】Esteelauder雅诗兰黛小棕瓶密集修护眼精华15ml
369.0,资生堂眼唇抚纹精华修复霜15克
258.0,【618狂欢满300减30】菲洛嘉柔滑亮泽焕颜补水面膜50ml
339.0,亲润【188减100】亲润豆乳多效养肤六件套（乳）孕妇护肤品
255.0,whoo后天气丹华泫花献5件套装小样旅行装
1599.0,【韩国直邮】韩国Whoo后还幼焕颜
199.0,【官方授权】FREEZEFRAME三效焕釆
289.0,日本•资生堂(Shiseido鲜润赋活眼霜15ml
96.0,韩国whoo后天气丹眼霜小样1ml*20片
318.0,亲润【188减100】亲润豆乳补水保湿五件套孕期护肤孕妇护肤品化妆品
229.0,【满300减30元】ELIXIR怡丽丝尔防护精华乳金管/银管防晒霜30ml
159.0,佳禾美美眼仪眼部按摩器电动眼周导入仪去眼袋黑眼圈
49.0,买一送一虫草绿眼膜贴细纹淡化黑眼圈紧致去眼袋李佳琦补水御龄
89.9,左颜右色男士抗皱紧致眼霜提拉紧致
65.0,肌司研蜜莹润蜂胶眼膜60片
59.0,希肤美水凝胶抗皱淡纹眼膜8贴
49.9,买1送1笛爱儿蜗牛眼膜贴淡化黑眼圈去眼袋细纹
778.0,AUDACE奥达士兰花精粹抗皱紧致赋活
709.0,Sisley希思黎黑玫瑰眼部精华修护眼霜15ML2020新品
315.0,EsteeLauder雅诗兰黛小棕瓶二合一
289.0,Lancome兰蔻小黑瓶眼部肌底精华发光
365.0,兰蔻大眼精华小黑瓶眼部肌底精华液20ml眼霜
530.4,兰蔻专柜正品兰蔻大眼精华小黑瓶眼部肌底精华液20ml眼霜
229.0,小迷糊小迷糊烟酰胺发光焕亮“神仙”组合面膜精华液眼霜
78.0,（超值2盒）端兰液体涂抹超声刀多肽眼霜10ml精华液
58.0,韩国whoo后津率享眼霜小样1ml*20片
350.0,法国直邮菲洛嘉Filorga雕塑360靓丽眼霜15ML
2539.0,香港直邮娇兰帝皇蜂姿赋妍系列三件套150ml水+50ml精华+15ml眼霜
98.0,耶丽娅耶丽娅孕妇眼霜孕妇专用天然补水保湿护肤品孕妇可用
249.0,婵真婵真银杏清爽盈润三件护肤套装补水保湿眼霜韩国化妆品张檬推
439.0,Shiseido资生堂眼霜悦薇珀翡塑颜眼膜/小熨斗眼膜2片*12对
59.0,【15ml*2支】玖美堂沁润细腻补水眼部精华液走珠眼霜淡化黑眼圈
260.0,韩束新肌紧致精华眼霜体验装10g*3韩束新肌紧致精华眼霜体验装
129.0,泉兮泉兮电动眼霜淡化黑眼圈抗皱去细纹眼袋消脂肪粒电动眼霜小熨斗
406.0,资生堂（Shiseido）红妍肌活眼部精华15ml
543.0,兰蔻小黑瓶大眼精华
209.0,欧莱雅L‘OREAL青春密码酵素眼部精华肌底液20ml（三珠眼精华）
129.0,海蓝之谜精华面霜旅行装精华面霜焕颜精华露焕白精华液洁面
452.0,兰蔻(LANCOME)「小黑瓶」大眼
108.0,AHC五代保湿紧致修护眼霜60ml
409.0,雅诗兰黛弹性紧实柔肤眼霜15ml
99.0,兰蔻新精华肌底
398.0,兰蔻全新精华肌底眼霜15g
588.0,资生堂悦薇抗皱美容精华眼霜15g
123.9,SK-II眼部护肤精华乳15g
69.9,雅诗兰黛鲜活亮采眼部凝露5ml
49.9,美国•芭比波朗(BobbiBrown)保湿
69.0,Vikos紫根眼贴膜60片
125.0,美国•伊丽莎白雅顿(ElizabethArden)水感恒润持久保湿
289.0,伊思晶钻蜗牛三支滚珠眼霜15ml*3
145.0,欧树睡莲青春
39.9,美国•倩碧(Clinique)焕妍活力抗皱
49.9,美国•倩碧眼部护理水凝霜眼霜5ML
69.0,明色亮白改善细纹黑眼圈眼霜30g
382.0,FACEFACE雅诗兰黛(EsteeLauder)特润修护精华眼霜15ml
79.0,Himecosme大眼立现精华眼霜25g
49.9,雅诗兰黛肌透修护眼部精华霜3ml
419.0,日本•SK-II肌源修护焕采眼霜15g
42.0,韩束玫瑰莹润
409.0,兰蔻新精华肌底眼霜补水15ml
59.0,CosmetexRoland眼霜20g
139.0,JAYJUN黄金雪花修护
78.9,雅诗兰黛多效智妍
99.0,CosmetexRoland眼霜套组
139.0,【满149减30】眼部抚摸小熨斗赶走眼部皱纹
219.0,【新品尝鲜】CEMOY澳洲眼霜淡纹提拉紧致补水保湿
329.0,欧莱雅紫熨斗全脸淡纹
719.0,雅诗兰黛白金级奢宠紧颜眼霜15ml
1299.0,海蓝之谜紧致焕采眼霜15ml
198.0,莱珀妮鱼子精华纯皙
109.0,美丽加芬蜗牛新生眼部养肤乳20g
49.0,英国AA网海藻芦荟眼胶50ml
98.0,AHC第4代全效修复紧致眼霜30ml
83.0,中国•凡茜仙人掌密集补水
69.0,Swisse摩洛哥多效眼霜15ml
189.0,伊思晶钻红参蜗牛眼霜2支*15ml
460.2,FACEFACE日本•SK-II微肌因修护焕采眼霜15克
69.9,贝芳阿葇码海藻接骨木眼胶60ml
199.0,安媞珀奇异果籽牛油果眼霜30ml
477.0,中国台湾•达尔肤(DR.WU)多肽抗皱修护
458.0,ELIXIR抗皱美容修复精华眼霜15g
240.0,法国•欧莱雅(L'Oreal)复颜抗皱紧致滋润眼霜15ml
600.0,资生堂百优眼霜小钢炮14g
58.0,AHC新版第七代紫色眼霜30ml淡化黑眼圈细纹补水去眼袋
598.0,帝皇蜂姿紧致修护眼霜15ml
559.0,肌肤之钥光透亮白眼部精华乳15g
98.0,JMsolution眼霜40ml
229.0,swanicoco发酵多肽眼霜30ml
44.9,美国•科颜氏夜间修护（精华）
239.0,雅诗兰黛（EsteeLauder）白金奢宠蕴能黑钻奢华眼霜5ml
149.6,专柜正品玉兰油(OLAY)塑颜舒纹眼霜15g
399.0,兰蔻升级版嫩肌活肤眼霜15ml
188.0,倩碧眼部按摩精华露/
198.0,美国•倩碧匀净去黑眼圈眼霜10ml
159.0,嘉碧茜Jabushe提拉紧致眼霜15ml
358.0,【聚美48小时直发】法国•兰蔻(Lancome)肌底精华眼霜15ml
198.0,Za恒润娇养
109.0,FANCL活肤紧致眼霜8g
49.0,思亲肤蜂蜜紧致眼霜30g
69.0,雅诗兰黛青春眼霜5ml
78.0,FACEFACE雅诗兰黛弹力多肽眼霜5ml提拉紧致淡化细纹滋养弹润
499.0,【国内专柜版】雅诗兰黛小棕瓶密集修护眼精华15ml
2759.0,LaPrairie莱珀妮臻爱铂金眼霜20ML
79.9,雅诗兰黛弹性紧实眼霜5ml
2049.0,莱珀妮鱼子精华琼贵
189.0,香蒲丽香蒲丽黄金紧绷眼霜平衡眼周肌肤
139.0,雅诗兰黛眼部密集精华露5ml
499.0,【聚美直发】日本•SK-II微肌因修护焕采眼霜15克
218.0,FACEFACE雅诗兰黛弹力多肽眼霜5ml*3提拉紧致淡化细纹滋养弹润
468.0,资生堂百优丰盈提拉紧致眼霜14g
1799.0,LaPrairie蓓丽琼贵眼霜20ml
449.0,伊索香芹籽抗氧化眼霜10ml
1499.0,【国内专柜版现货】LAMER海蓝之谜浓缩修护眼霜15ml
1489.0,肌肤之钥3D立体眼霜15g
379.6,FACEFACE【商场专柜直邮】法国•兰蔻(Lancome)肌底精华眼霜（小黑瓶）15ml
379.0,资生堂新透白美肌集中眼霜15ml
369.0,美国•玫琳凯幻时佳紧颜
1389.0,海蓝之谜紧致焕采
109.0,娇兰(Guerlain)御廷兰花卓能焕活眼唇修护霜/焕活修护眼唇霜（两支装）2ml*2
53.0,雅诗兰黛弹性紧实柔肤眼霜5ml
529.0,兰蔻菁纯卓颜眼霜20ml
98.0,AHC第七代眼霜30ml
1335.0,日本直邮本土版POLA/宝丽B.A赋颜晨光
158.0,中国•韩后（Hanhoo）熬夜夜睛采
328.0,EsteeLauder雅诗兰黛新款抗蓝光小棕瓶眼霜15ML
299.0,兰蔻（LANCOME）大眼精华眼部肌底液20ml眼霜
103.0,欧树平衡补水舒缓眼霜15ml
540.0,兰蔻新菁纯臻颜滋养眼霜5毫升*2紧致提拉眼周轮廓淡化细纹
1800.0,雅诗兰黛黑钻眼霜5ml*3保湿滋润深透肌底提拉紧致淡化黑眼圈去眼袋
139.0,JAYJUN密集焕亮眼霜25ml
919.0,SK-II微肌因修护焕采眼霜
859.0,【日本版】宝丽新款抗皱精华液
49.9,美国•倩碧(Clinique)水凝护理
829.0,法国•希思黎(sisley)芳香眼唇霜/芳香眼唇精华乳15ml
859.0,香奈儿奢华精萃活肤眼霜15g
938.0,雅诗兰黛白金级奢宠紧颜眼霜15ml
769.0,兰蔻菁纯臻颜滋润眼霜20ml
59.9,日本•SK-II肌源修护焕采眼霜2.5g
35.0,博姿清爽保湿眼胶15ml
219.0,碧欧泉(Biotherm)精华
599.0,Lancome兰蔻小黑瓶肌底精华眼霜30ml
198.0,科颜氏(Kiehl’s)牛油果保湿眼霜14g
629.0,希思黎抗皱修活眼唇霜15ml
600.0,资生堂眼部小熨斗精华眼霜
199.0,英国•玛格丽特古缇耶青春泉胶水
595.0,日本直邮ELIXIR/怡丽丝尔
588.0,娇兰帝皇蜂姿®丰盈修复眼霜
549.0,肌肤之钥提拉颜精华
555.0,雪花秀闪理补水保湿抗皱眼霜
529.0,香奈儿紧颜修护
88.0,中国•珀莱雅恒采修护保湿
529.0,【聚美直发】法国•娇兰(Guerlain)帝皇蜂姿丰盈修复眼霜15ml
535.0,雪花秀闪理补水保湿抗皱眼霜25ml
498.0,资生堂红妍肌活眼部精华露15ml
475.0,FACEFACE美国•馥蕾诗（Fresh）红茶抗皱紧致浓缩/紧致修护眼部精华霜15ml
149.0,悦木之源咖啡因活力焕亮眼霜15ml
459.0,【聚美直发】SK-II微肌因修护焕采眼霜15克
118.0,膜法世家樱桃深透补水
349.0,雅诗兰黛青春抗皱滋润眼霜15ml
169.0,雅诗兰黛小棕瓶抗蓝光眼霜15ML
419.0,日本直邮资生堂ELIXIR新款抗皱精华
419.0,雅诗兰黛明星爆款两件套
429.0,雅诗兰黛精华露+原生液15ml+30ml
419.0,雪花秀滋晶雪滢焕白眼部精华露
412.5,FACEFACE美国•雅诗兰黛(EsteeLauder)新多效智妍眼霜/多效智妍蕴养眼霜15ml
409.0,雅诗兰黛精华露+洁面膏15ml+30ml
459.0,雅诗兰黛精华霜+肌初赋活原生液
395.0,FACEFACE【商场专柜直邮】美国•科颜氏(Kiehl’s))牛油果眼霜28g
395.0,FACEFACE美国•科颜氏(Kiehl’s)牛油果眼霜28g
409.0,雅诗兰黛肌透修护眼部精华霜15ml
419.0,科颜氏牛油果
419.0,雅诗兰黛精华霜+洁面膏
388.0,黛珂保湿赋活精华眼霜15g
378.0,兰蔻【商场专柜直邮】法国•兰蔻(Lancome)肌底精华眼霜（小黑瓶）15ml
379.0,Sulwhasoo雪花秀闪理
399.0,雅诗兰黛精华露+卸妆乳15ml+30ml
129.0,瑞士•莱珀妮（LaPrairie）鱼子精华琼贵
365.0,兰蔻小黑瓶全新精华眼霜15ml
119.0,自然堂活泉矿物补水保湿
379.0,兰蔻新立体塑颜紧致眼霜15ml
389.0,兰蔻Lancome精华肌底小黑瓶
358.0,香港直邮雅诗兰黛/ESTEELAUDER小棕瓶密集修护眼精华15ml
650.0,雅诗兰黛黑钻眼霜5ml保湿滋润深透肌底提拉紧致淡化黑眼圈去眼袋
419.0,法国•香奈儿山茶花保湿眼霜15ml
79.0,雅诗兰黛鲜活焕采眼部凝露5ml提拉紧致淡化黑眼圈去眼袋密集补水
109.0,dr.Natural牛油果眼霜30ml
109.0,AHC第五代B5多效修复眼霜60ml
109.0,法国欧莱雅复颜抗皱
322.0,娇韵诗男士紧致抗皱眼霜20ml
55.0,JMsolution黄金蜂蜜保湿眼膜60贴
314.0,娇韵诗青春赋活按摩滚珠眼霜
99.0,bonisha呼吸酵素修复眼霜
329.0,迪奥（Dior)水动力精粹眼霜15ml
299.0,LANCOME兰蔻小黑瓶眼霜
298.0,菲洛嘉360度雕塑亮眼眼霜15ml
99.0,MeltyWink大眼立显眼霜17ml
289.0,兰蔻水份缘舒缓眼霜15ml
278.0,美国•贝玲妃(Benefit)焕采
288.0,科颜氏夜间修护精华眼霜
289.0,科颜氏牛油果保湿
79.0,Vikos黄金能量眼霜30g
259.0,碧欧泉御尊男士滋养紧致眼霜15m
249.0,科颜氏酪梨眼霜(牛油果眼霜)14g
249.0,FILORGA菲洛嘉360睛采靓丽
289.0,奥碧虹(ALBION)清新活润水凝
49.0,兰蔻新立体塑颜紧致眼霜5ml/瓶
99.9,【2支装】AHC新版第七代紫色眼霜30ml*2支淡化黑眼圈细纹补水
235.0,美国•玫琳凯（Marykay）亮采
219.0,伊思红参蜗牛滚珠眼霜二代15ML*2
218.0,Clinique倩碧眼部按摩精华露/眼霜15ml
42.0,美国•馥蕾诗（Fresh）玫瑰润泽明眸眼部凝霜（促销装）1.5ml*2
198.0,莱珀妮瑞士冰晶
199.0,红参蜗牛精华滚珠眼霜15ml*2
69.0,美体小铺接骨木花眼胶15ml
298.0,馥蕾诗玫瑰润泽精华啫喱眼霜
270.0,兰蔻新菁纯臻颜滋养眼霜5毫升紧致提拉眼周轮廓淡化细纹
133.0,悦诗风吟绿茶籽精萃精华
69.0,伊思胶原蛋白紧致眼霜25ML
63.0,【官方授权】Swisse摩洛哥坚果油
165.0,it‘sskin伊思红参蜗牛滚珠
189.0,【韩国版】兰芝新水酷特润眼霜
169.0,美国•馥蕾诗(Fresh)古源修护(滋养)
59.9,美国•雅诗兰黛(EsteeLauder)肌透修护眼部精华霜3ml
179.0,美国•玫琳凯（MaryKay）舒颜眼部啫哩15ml
89.0,欧诗漫OSM珍珠焕采明亮多效
69.0,菲洛嘉360靓丽眼霜4ml（小样）
195.0,韩束巨水光高保湿弹润
165.0,韩束巨补水墨菊深度滋润眼霜20g
159.0,莱珀妮瑞士冰晶
59.0,美国•芭比波朗至盈呵护丰润修护
759.0,SK-II金钻臻致升华修护眼霜15g
144.0,中国•珀莱雅(PROYA)水漾肌密眼部凝露20g
299.0,雅诗兰黛鲜活亮采眼部凝露15ml
139.0,it‘sskin伊思晶钻蜗牛滚珠
45.0,JM玫瑰
109.0,欧莱雅复颜抗皱紧致眼霜15ml
128.0,WIS活力眼霜淡化细纹紧致提拉保湿补水去黑眼圈眼袋
149.0,ABOUTME换肤眼霜20ml
72.0,雅诗兰黛鲜活亮采眼部凝露
125.0,日本直邮MeltyWink大眼立显眼霜17ml/支
189.0,【奢华养护】JAYJUN捷俊韩国黄金雪花保湿盈润眼霜20ml
119.0,中国•红色小象羊乳滋养亮眼霜20ml
118.0,sk-iiskiisk2大眼眼霜
109.0,【聚美直发】娇兰御廷兰花卓能焕活修护眼唇霜5ml
44.9,【聚美直发】科颜氏夜间修护（精华）眼霜3ml
39.0,【聚美直发】馥蕾诗玫瑰润泽水凝眼霜1.5ml*5(补水保湿深层滋养）
102.0,专柜正品玉兰油(OLAY)多效修护眼霜15g
109.0,韩国•It'sskin紧实保湿眼霜30ml
98.0,WIS水嫩弹润眼霜去眼袋黑眼圈提拉紧致改善眼部淡化眼纹
219.0,科颜氏男士眼霜
95.9,玉兰油玉兰油多效修护眼霜15g
95.0,雅诗兰黛小棕瓶抗蓝光
165.0,中国•一叶子植物多酚覆盆子紧致抚纹眼霜25g
189.0,倩碧眼部精华走珠
89.0,本木之初知母多效眼霜30ML
89.0,中国•颜绯牛油果
99.0,自然乐园酵母发酵护肤
79.9,美体小铺维他命E保湿
89.0,奢宠紧颜精华修复眼霜10ml
89.0,欧诗漫(OSM)珍珠奇迹抚痕紧致眼霜15ml
140.0,JMsolution珍珠/蜂蜜/玫瑰眼霜
120.0,【韩国直邮】【2支装】JM滚珠眼霜
79.0,美国•雅诗兰黛(EsteeLauder)弹性紧实眼霜/弹性紧实柔肤眼霜5ml
136.0,膜法世家樱桃深透补水眼霜15g保湿滋润淡化黑眼圈
69.9,兰蔻（LANCOME）抗皱紧致眼霜5ml
55.5,雅诗兰黛青春抗皱滋润眼霜5ml
69.9,美国•雅诗兰黛(EsteeLauder)青春抗皱滋润眼霜5ml
69.9,AHC
69.9,【聚美直发】娇兰帝皇蜂姿丰盈修复眼霜5ml
69.0,雅诗兰黛ANR抗蓝光眼霜5ml
69.0,雅诗兰黛鲜活眼部凝露5ml
68.0,韩国直邮伊思胶原蛋白
59.9,SK-II微肌因修护焕采眼霜2.5g
59.9,AHC第7代玻尿酸眼霜30ml
69.9,齐叶雅山羊奶眼霜15ml*2
59.0,中国•欧诗漫(OSM)奇迹抚痕紧致眼霜15ml
57.5,澳洲Swisse摩洛哥坚果眼霜
59.9,美国•柏瑞特博士红宝石光采眼霜15g
52.0,韩国A.H.C无龄缩时多效
59.9,贝芳阿葇码保湿眼胶30ml
49.9,倩碧眼部护理水凝霜7ml
49.9,雅诗兰黛弹性紧实柔肤眼霜3ml
109.0,京润珍珠塑颜澈亮眼霜20g
99.0,bonisha精华眼霜＋面霜50g+50g
59.0,娇兰(Guerlain)御廷兰花卓能焕活眼唇修护霜2ml/焕活修护眼唇霜2ml
59.0,自然之名玻尿酸植萃多效
39.9,雅诗兰黛多效智妍眼霜3ml
29.0,中国•自然之名柑橘果萃
135.0,一叶子白玉兰提亮补水
28.0,阿玛尼（Armani）黑钥匙奂颜修护眼霜1g
49.9,兰蔻水份缘舒缓眼霜5ml
29.0,美国•贝玲妃(Benefit)亮采/焕采
69.0,莎娜（SANA）豆乳美肌
178.0,珀莱雅水漾芯肌透润
195.0,科颜氏男士小冰棒
259.0,美国•科颜氏(Kiehl’s)男士淡纹紧实修护眼霜14ml
139.0,一叶子鲜补水保湿
99.0,Tsubunightpack淡脂肪粒
78.0,雅诗兰黛（EsteeLauder）特润修护精华眼霜3ml
189.0,子初雪域珍粹精华眼霜15g
49.0,齐叶雅山羊奶眼霜15ml
248.0,子初孕妇护肤品保湿补水海洋眼霜四件套
45.0,香奈儿（Chanel）眼部护理奢华精萃赋活眼霜3ml
309.0,美素（MAYSU）瑰蜜凝颜娇嫩滋养精华
160.0,专柜正品迪奥(Dior)御龄系列修护复抗皱粉水面霜眼霜精华液4件套
179.0,兰蔻（Lancome）小样3件套(小黑瓶7ml眼部精华5ml眼霜5ml)新老版本随机
61.5,韩国•兰芝致宠凝时菁焕精华
36.0,香奈儿（Chanel）眼部护理智慧紧肤眼霜3ml
69.9,左颜右色专用男士眼霜去黑眼圈眼袋淡化细纹紧致眼纹
339.0,中国•法兰琳卡玫瑰粉嫩补水礼盒（粉嫩补水洁面凝露120ml+玫瑰精华露120ml+玫瑰多效修护
258.0,中国•温碧泉(WETHERM)润透保湿旅行套(净化泥30g+保湿精华水20ml+补水面膜28mlX2片+复合水精华5ml+保湿精华5ml+晶采
269.0,法国•克丽丝汀迪奥(DIOR)新梦幻美肌修护套装/修护套装（修护乳霜15ml+至臻修护精华露7ml+修护精华水30ml+新梦幻美肌修颜乳7ml+修护
825.0,兰蔻精华两件套
118.0,美国•小蜜蜂零敏明眸眼霜10g
49.9,美国•倩碧匀净去黑眼圈眼霜2ml
69.9,兰蔻精华肌底眼部凝霜5ml
399.0,法国•克丽丝汀迪奥桀骜紧致眼霜15ml
481.0,法国•欧舒丹（L’OCCITANE）蜡菊赋颜精华
520.0,植村秀黑萃紧颜修护眼唇霜15ml
69.9,小迷糊玻尿酸水嫩保湿
285.0,AHC爱和纯黄金
195.0,兰芝男士双效焕能
80.0,1雪花秀臻秀修护多效
379.0,科颜氏牛油果保湿眼霜28g
35.0,博姿清爽保湿眼胶15ml
159.0,嘉碧茜Jabushe提拉紧致眼霜15ml
158.0,露得清维A醇抗皱修护眼霜
202.0,娇兰午夜秘密夜间修复熬夜霜
320.0,资生堂红妍肌活眼部精华露15ml
422.0,资生堂浓郁精粹抗皱眼霜15ml
459.0,资生堂百优多效眼霜15ml
1040.0,雅诗兰黛极致花漾新生眼霜15ml
461.0,雅诗兰黛多效智妍蕴养眼霜
429.0,资生堂SHISEIDO新透白美肌焕白眼霜15ml
589.0,Filorga菲洛嘉焕活凝烁眼霜15ML
659.0,西班牙直邮KANEBO嘉娜宝SENSAI细胞焕活眼部修护膏
669.0,KANEBOSENSAI嘉娜宝SENSAI细胞焕活眼部修复霜15ml
414.0,西班牙直邮SHISEIDO资生堂男士优效紧致眼霜15ml
479.0,欧洲直邮[资生堂/Shiseido]小钢炮百优丰盈提拉紧致眼霜
1399.0,Cellcosmet瑞妍活力修复眼霜30ML
59.0,JMSOLUTION青光海洋珍珠眼霜
920.0,Shiseido资生堂眼部护理套装
1419.0,法尔曼V-SHAPEFILLINGEYEBALM臻美紧密修护眼霜15ML
729.0,日本直邮资生堂悦薇精华
208.0,Kiehl's科颜氏牛油果保
525.0,法国直邮雅诗兰黛弹力多肽
410.0,法国直邮Lancome兰蔻水份缘舒缓眼霜15ML
426.0,香港直邮兰蔻小黑瓶精华肌底眼部凝霜15ml
483.0,怡丽丝尔祛皱小
358.0,美国雅诗兰黛新版抗蓝光小棕瓶
169.0,LANCOM兰蔻菁纯臻颜焕亮眼霜5ml
329.0,ESTĒELAUDER雅诗兰黛鲜活亮采红石榴眼部凝露15ml/5ml*2/5ml淡化黑眼圈
539.0,兰蔻新塑颜修护眼霜15ml提拉紧致补水滋润保湿淡化细纹去黑眼圈
89.0,兰蔻新菁纯臻颜滋养眼霜3毫升紧致提拉眼周轮廓淡化细纹
159.0,芭比波朗至盈呵护修护眼霜2.5ml*3提拉紧致淡化细纹去黑眼圈去眼袋
69.0,芭比波朗至盈呵护修护眼霜2.5ml提拉紧致淡化细纹去黑眼圈去眼袋
179.0,雅诗兰黛白金级花菁萃焕活眼霜5ml提拉紧致滋润弹嫩淡化细纹黑眼圈
509.0,雅诗兰黛白金级花菁萃眼霜5ml*3提拉紧致滋润弹嫩淡化细纹黑眼圈
529.0,雅诗兰黛多效智妍眼霜15ml深度滋养舒缓眼纹
1589.0,海蓝之谜浓缩修护眼部精华霜15ml滋润眼周淡化黑眼圈
1058.0,Dior迪奥花蜜活颜丝悦眼霜15ml迪奥眼霜
445.0,Dior迪奥桀骜男士活力眼部精华液/眼霜15ml
588.0,Guerlain娇兰帝皇蜂姿丰盈修复眼霜15ml
478.0,Chanel香奈儿山茶花保湿眼霜补水保湿15ml
35.0,纪梵希（Givenchy）水漾活妍冰盈眼霜5ml（管装）（中小样）
389.0,美国•雅诗兰黛(EsteeLauder)肌透修护眼部精华霜15mL
409.0,日本•资生堂(Shiseido)盼丽风姿抗皱修护眼霜15ml
359.0,雅诗兰黛（EsteeLauder）抗蓝光小棕瓶眼霜15ml
339.0,兰蔻（LANCOME）精华肌底眼部凝霜15ml
244.9,科颜氏美国•科颜氏(Kiehl’s)牛油果（保湿）眼霜14g
395.0,科颜氏美国•科颜氏(Kiehl’s)牛油果眼霜28g
59.0,多效修护面眼霜玫瑰眼霜
35.0,兰蔻法国•兰蔻(Lancome)新塑颜修护眼霜/新立体塑颜紧致眼霜5ml
1399.0,香港直邮SK-IIRNA微肌因修护焕采眼霜双瓶装15g*2
389.0,资生堂新版百优眼霜全面滋润
39.0,纪梵希眼霜保湿舒缓眼部疲劳时光无痕修护眼霜5ml
215.0,法国•雅漾(Avene)舒护眼霜/舒缓保湿眼霜10ml
218.0,洛可莱法国LÉCURER洛可莱童颜因子日夜双效眼霜日霜15g+晚霜15g
1350.0,FACEFACE娇兰御廷兰花修护眼唇霜眼霜补水保湿提拉紧致抗皱
69.0,兰蔻（Lancome）大眼精华小样5ml眼部肌底修护淡细纹新老版本随机发
75.0,黑松露舒缓紧纹蝶翼眼膜10片
207.0,JM海洋珍珠三部曲面膜40片
258.0,薇诺娜紧致眼霜20g
199.0,JMsolution补水三重奏面膜套装
938.0,EsteeLauder雅诗兰黛2019圣诞限量彩妆护肤礼盒大礼包冷色系/暖色系
125.0,A.byBOM婴儿面膜三部曲10片
235.0,香港直邮雅诗兰黛舒缓眼膜10片
159.0,雪花秀臻雪护肤三件套中小样
69.0,JMsolution珍珠三部曲面膜10片
109.0,中国•百雀羚三生花玲珑玉润睛采眼部精华液15ml
138.0,LadyKin蕾蒂金童颜淡斑精华液
428.0,雅诗兰黛眼部密集精华露15ml
379.0,雅诗兰黛眼部密集精华露15ml
299.0,雪花秀润致焕活肌底润燥精华60ml
230.0,熔岩海水菁妍眼部精华露20ml
66.0,玉兰油眼部滋养凝露14g
138.0,香蒲丽黄金凝胶眼膜补水紧致60片
135.0,赫梦娜玻尿酸原液水安瓶1ml*10
139.0,维E保湿眼部护理彩妆套装
119.0,JM蜂胶蜂蜜+海洋珍珠三部曲20片
99.0,JM海洋珍珠三部曲面膜两盒装20片
75.0,一叶子白茶水润焕采蝶翼眼膜10片紧致补水亮采
75.0,一叶子白茶水润焕采眼膜10片
52.0,兰蔻法国•兰蔻(Lancome)全新精华肌底眼霜/肌底精华眼霜5ml
109.0,碧欧泉护肤精华眼霜5毫升*3缓解皱纹舒缓眼肌淡化干纹滋润
55.0,JMsolution海洋珍珠三部曲面膜(精华1.5ml+
69.0,碧欧泉护肤精华眼霜5毫升缓解皱纹舒缓眼肌淡化干纹滋润补水保湿
49.9,兰蔻美肤修护眼精华5ML
1250.0,香港直邮雅诗兰黛小棕瓶面部特润修护精华100ml
1900.0,日本SK-II护肤精华露330ml
398.0,蒂佳婷活力水润胶囊安瓶蓝丸精华
